季度,作品名称,上传p数,遮挡,时间,名称,作品ID,p数,开始时间（剪辑）,结束时间（剪辑）,开始时间,结束时间
999999,链锯人 刺客篇,1,,2026-06-21 13：53：11,【泛式∕录播】回忆2016年4月，真拿你没办法~,616930,1,02:31:24.800,02:35:12.500,https://www.bilibili.com/video/BV1gajx6NERw?t=9084.8,https://www.bilibili.com/video/BV1gajx6NERw?t=9312.5
999999,航海王：神之谷,1,,2026-08-30 09：00：00,【泛式∕录播】冷傲风纪黑长直＜短发波波头,697173,1,02:32:10.000,02:35:33.500,https://www.bilibili.com/video/BV1EZ426PEBY?t=9130.0,https://www.bilibili.com/video/BV1EZ426PEBY?t=9333.5
999999,航海王,1,,2026-06-29 00：52：43,【泛式∕录播】别当兄弟了,470667,1,01:55:53.600,01:59:56.800,https://www.bilibili.com/video/BV1tUTK6JEKi?t=6953.6,https://www.bilibili.com/video/BV1tUTK6JEKi?t=7196.8
999999,弹珠汽水瓶里的千岁同学 第2部分,1,,2026-08-23 09：00：00,【泛式∕录播】认真看我妈的童年,584847,1,00:54:58.200,00:59:17.800,https://www.bilibili.com/video/BV14p8p6DEKC?t=3298.2,https://www.bilibili.com/video/BV14p8p6DEKC?t=3557.8
999999,咒术回战 死灭回游 后篇,1,,2026-06-21 13：53：11,【泛式∕录播】回忆2016年4月，真拿你没办法~,616668,1,02:35:12.500,02:37:00.000,https://www.bilibili.com/video/BV1gajx6NERw?t=9312.5,https://www.bilibili.com/video/BV1gajx6NERw?t=9420.0
999999,BanG Dream! It's MyGO!!!!! ／ Ave Mujica 续篇,1,,2026-03-08 10：17：40,【泛式∕录播】正相反的羽绒服与我,548133,1,03:43:12.500,03:48:00.700,https://www.bilibili.com/video/BV1y5NTz9Eh1?t=13392.5,https://www.bilibili.com/video/BV1y5NTz9Eh1?t=13680.7
202610,飙马野郎 JOJO的奇妙冒险 第二&第三赛段,1,,2026-07-05 09：00：00,【泛式∕录播】喜欢看这种残血带点虚弱的人类形象,639938,1,02:28:23.900,02:34:26.200,https://www.bilibili.com/video/BV1v6MN6fE3f?t=8903.9,https://www.bilibili.com/video/BV1v6MN6fE3f?t=9266.2
202610,假面骑士麦斯,1,,2026-08-09 12：05：16,【泛式∕录播】爱撒娇的人最好命,639272,1,00:07:15.100,00:14:03.000,https://www.bilibili.com/video/BV1bfuL6nEhn?t=435.1,https://www.bilibili.com/video/BV1bfuL6nEhn?t=843.0
202610,SEKIRO： NO DEFEAT,1,,2026-03-22 09：09：36,【泛式∕录播】直播真简单啊,579533,1,00:41:01.100,00:44:20.400,https://www.bilibili.com/video/BV1EtAKzuEyr?t=2461.1,https://www.bilibili.com/video/BV1EtAKzuEyr?t=2660.4
202610,SEKIRO： NO DEFEAT,2,,2026-06-29 00：52：43,【泛式∕录播】别当兄弟了,579533,1,02:05:32.100,02:06:58.200,https://www.bilibili.com/video/BV1tUTK6JEKi?t=7532.1,https://www.bilibili.com/video/BV1tUTK6JEKi?t=7618.2
202610,FX战士久留美,1,,2026-08-02 09：00：00,【泛式∕录播】《全缺。》,622288,2,00:22:40.400,00:24:27.600,https://www.bilibili.com/video/BV1Yb3S6dEs9?t=1360.4&p=2,https://www.bilibili.com/video/BV1Yb3S6dEs9?t=1467.6&p=2
202610,BanG Dream! Ave Mujica prima aurora,1,,2026-08-02 09：00：00,【泛式∕录播】《全缺。》,578262,2,00:24:29.800,00:26:05.600,https://www.bilibili.com/video/BV1Yb3S6dEs9?t=1469.8&p=2,https://www.bilibili.com/video/BV1Yb3S6dEs9?t=1565.6&p=2
202607,魔法少女奈叶 EXCEEDS Gun Blaze Vengeance,1,,2026-08-02 09：00：00,【泛式∕录播】《全缺。》,530729,1,02:11:20.200,02:26:34.400,https://www.bilibili.com/video/BV1Yb3S6dEs9?t=7880.2,https://www.bilibili.com/video/BV1Yb3S6dEs9?t=8794.4
202607,魔法少女奈叶 EXCEEDS Gun Blaze Vengeance,2,,2026-09-06 09：00：00,【泛式∕录播】2026年7月新番OP∕ED鉴赏会,530729,1,00:47:05.400,00:50:26.800,https://www.bilibili.com/video/BV166bE6fEsr?t=2825.4,https://www.bilibili.com/video/BV166bE6fEsr?t=3026.8
202607,鬼的新娘,1,,2026-07-12 20：48：28,【泛式∕录播】令人畏惧的26年7月新番,563745,1,03:23:50.800,03:24:36.000,https://www.bilibili.com/video/BV1rLNG6JE9G?t=12230.8,https://www.bilibili.com/video/BV1rLNG6JE9G?t=12276.0
202607,鬼的新娘,2,,2026-07-19 09：00：00,【泛式∕录播】最享受下播番之人,563745,1,02:23:20.400,02:38:43.400,https://www.bilibili.com/video/BV1XhKT6dEFK?t=8600.4,https://www.bilibili.com/video/BV1XhKT6dEFK?t=9523.4
202607,鬼的新娘,3,,2026-07-26 14：41：47,【泛式∕录播】炒完这盘就去死,563745,2,02:09:14.600,02:09:26.800,https://www.bilibili.com/video/BV1VS3j6PEic?t=7754.6&p=2,https://www.bilibili.com/video/BV1VS3j6PEic?t=7766.8&p=2
202607,鬼的新娘,4,,2026-08-23 09：00：00,【泛式∕录播】认真看我妈的童年,563745,1,00:30:11.100,00:38:34.300,https://www.bilibili.com/video/BV14p8p6DEKC?t=1811.1,https://www.bilibili.com/video/BV14p8p6DEKC?t=2314.3
202607,鬼的新娘,5,,2026-08-23 09：00：00,【泛式∕录播】认真看我妈的童年,563745,1,03:57:40.000,04:10:13.500,https://www.bilibili.com/video/BV14p8p6DEKC?t=14260.0,https://www.bilibili.com/video/BV14p8p6DEKC?t=15013.5
202607,鬼的新娘,6,,2026-09-06 09：00：00,【泛式∕录播】2026年7月新番OP∕ED鉴赏会,563745,1,00:50:35.400,00:54:39.400,https://www.bilibili.com/video/BV166bE6fEsr?t=3035.4,https://www.bilibili.com/video/BV166bE6fEsr?t=3279.4
202607,雷霆三人行,1,,2026-06-23 09：00：00,【泛式∕录播】2026年7月新番茶话会,625215,1,01:33:13.200,01:38:39.000,https://www.bilibili.com/video/BV1Kk7u67EMZ?t=5593.2,https://www.bilibili.com/video/BV1Kk7u67EMZ?t=5919.0
202607,雷霆三人行,2,,2026-09-06 09：00：00,【泛式∕录播】2026年7月新番OP∕ED鉴赏会,625215,1,04:08:15.600,04:11:22.700,https://www.bilibili.com/video/BV166bE6fEsr?t=14895.6,https://www.bilibili.com/video/BV166bE6fEsr?t=15082.7
202607,铠真传 武士军团 第2部分,1,,2026-09-06 09：00：00,【泛式∕录播】2026年7月新番OP∕ED鉴赏会,612697,1,00:15:20.100,00:19:10.000,https://www.bilibili.com/video/BV166bE6fEsr?t=920.1,https://www.bilibili.com/video/BV166bE6fEsr?t=1150.0
202607,铁拳教育,1,,2026-06-29 00：52：43,【泛式∕录播】别当兄弟了,565285,1,00:22:10.800,00:31:29.800,https://www.bilibili.com/video/BV1tUTK6JEKi?t=1330.8,https://www.bilibili.com/video/BV1tUTK6JEKi?t=1889.8
202607,遭到流放的转生重骑士凭借游戏知识大开无双,1,,2026-07-19 09：00：00,【泛式∕录播】最享受下播番之人,511177,1,02:15:16.400,02:23:20.400,https://www.bilibili.com/video/BV1XhKT6dEFK?t=8116.4,https://www.bilibili.com/video/BV1XhKT6dEFK?t=8600.4
202607,遭到流放的转生重骑士凭借游戏知识大开无双,2,,2026-09-06 09：00：00,【泛式∕录播】2026年7月新番OP∕ED鉴赏会,511177,1,03:51:15.500,03:54:57.700,https://www.bilibili.com/video/BV166bE6fEsr?t=13875.5,https://www.bilibili.com/video/BV166bE6fEsr?t=14097.7
202607,转学后班上的清纯可爱美少女，竟是小时候玩在一起的哥们儿,1,,2026-06-23 09：00：00,【泛式∕录播】2026年7月新番茶话会,456080,1,03:16:43.100,03:19:24.200,https://www.bilibili.com/video/BV1Kk7u67EMZ?t=11803.1,https://www.bilibili.com/video/BV1Kk7u67EMZ?t=11964.2
202607,转学后班上的清纯可爱美少女，竟是小时候玩在一起的哥们儿,2,,2026-07-19 09：00：00,【泛式∕录播】最享受下播番之人,456080,1,01:15:54.900,01:23:10.000,https://www.bilibili.com/video/BV1XhKT6dEFK?t=4554.9,https://www.bilibili.com/video/BV1XhKT6dEFK?t=4990.0
202607,转学后班上的清纯可爱美少女，竟是小时候玩在一起的哥们儿,3,,2026-09-06 09：00：00,【泛式∕录播】2026年7月新番OP∕ED鉴赏会,456080,1,02:40:21.200,02:43:25.000,https://www.bilibili.com/video/BV166bE6fEsr?t=9621.2,https://www.bilibili.com/video/BV166bE6fEsr?t=9805.0
202607,超超超超超喜欢你的100个女朋友 第三季,1,,2026-08-02 09：00：00,【泛式∕录播】《全缺。》,598058,1,00:40:40.300,00:57:45.000,https://www.bilibili.com/video/BV1Yb3S6dEs9?t=2440.3,https://www.bilibili.com/video/BV1Yb3S6dEs9?t=3465.0
202607,超超超超超喜欢你的100个女朋友 第三季,2,,2026-09-06 09：00：00,【泛式∕录播】2026年7月新番OP∕ED鉴赏会,598058,1,03:17:06.000,03:20:26.000,https://www.bilibili.com/video/BV166bE6fEsr?t=11826.0,https://www.bilibili.com/video/BV166bE6fEsr?t=12026.0
202607,落第贤者的学院无双～第二次转生的S级开外挂魔术师冒险录～,1,,2026-08-16 09：00：00,【泛式∕录播】却道天凉好个秋,630163,1,03:32:16.600,03:54:03.800,https://www.bilibili.com/video/BV1XWb16sEkb?t=12736.6,https://www.bilibili.com/video/BV1XWb16sEkb?t=14043.8
202607,落第贤者的学院无双～第二次转生的S级开外挂魔术师冒险录～,2,,2026-09-06 09：00：00,【泛式∕录播】2026年7月新番OP∕ED鉴赏会,630163,1,00:58:15.400,01:02:16.000,https://www.bilibili.com/video/BV166bE6fEsr?t=3495.4,https://www.bilibili.com/video/BV166bE6fEsr?t=3736.0
202607,花织即使是转生也想打架,1,,2026-07-19 09：00：00,【泛式∕录播】最享受下播番之人,587109,1,04:04:16.300,04:33:42.700,https://www.bilibili.com/video/BV1XhKT6dEFK?t=14656.3,https://www.bilibili.com/video/BV1XhKT6dEFK?t=16422.7
202607,花织即使是转生也想打架,2,,2026-07-26 14：41：47,【泛式∕录播】炒完这盘就去死,587109,2,03:00:10.300,03:30:02.700,https://www.bilibili.com/video/BV1VS3j6PEic?t=10810.3&p=2,https://www.bilibili.com/video/BV1VS3j6PEic?t=12602.7&p=2
202607,花织即使是转生也想打架,3,,2026-08-02 09：00：00,【泛式∕录播】《全缺。》,587109,2,00:27:38.300,00:55:25.000,https://www.bilibili.com/video/BV1Yb3S6dEs9?t=1658.3&p=2,https://www.bilibili.com/video/BV1Yb3S6dEs9?t=3325.0&p=2
202607,花织即使是转生也想打架,4,,2026-08-09 12：05：16,【泛式∕录播】爱撒娇的人最好命,587109,1,04:13:47.400,04:41:40.700,https://www.bilibili.com/video/BV1bfuL6nEhn?t=15227.4,https://www.bilibili.com/video/BV1bfuL6nEhn?t=16900.7
202607,花织即使是转生也想打架,5,,2026-08-16 09：00：00,【泛式∕录播】却道天凉好个秋,587109,1,04:02:59.800,04:31:35.200,https://www.bilibili.com/video/BV1XWb16sEkb?t=14579.8,https://www.bilibili.com/video/BV1XWb16sEkb?t=16295.2
202607,花织即使是转生也想打架,6,,2026-08-23 09：00：00,【泛式∕录播】认真看我妈的童年,587109,1,04:52:10.000,05:20:04.600,https://www.bilibili.com/video/BV14p8p6DEKC?t=17530.0,https://www.bilibili.com/video/BV14p8p6DEKC?t=19204.6
202607,花织即使是转生也想打架,7,,2026-08-30 09：00：00,【泛式∕录播】冷傲风纪黑长直＜短发波波头,587109,1,04:12:20.600,04:38:59.200,https://www.bilibili.com/video/BV1EZ426PEBY?t=15140.6,https://www.bilibili.com/video/BV1EZ426PEBY?t=16739.2
202607,花织即使是转生也想打架,8,,2026-09-06 09：00：00,【泛式∕录播】2026年7月新番OP∕ED鉴赏会,587109,1,03:25:00.000,03:28:25.400,https://www.bilibili.com/video/BV166bE6fEsr?t=12300.0,https://www.bilibili.com/video/BV166bE6fEsr?t=12505.4
202607,花织即使是转生也想打架,9,,2026-09-06 09：00：00,【泛式∕录播】2026年7月新番OP∕ED鉴赏会,587109,1,04:49:10.500,05:17:21.400,https://www.bilibili.com/video/BV166bE6fEsr?t=17350.5,https://www.bilibili.com/video/BV166bE6fEsr?t=19041.4
202607,花样少年少女 第二季,1,,2026-09-06 09：00：00,【泛式∕录播】2026年7月新番OP∕ED鉴赏会,637124,1,04:47:15.600,04:49:05.700,https://www.bilibili.com/video/BV166bE6fEsr?t=17235.6,https://www.bilibili.com/video/BV166bE6fEsr?t=17345.7
202607,穹庐下的魔女,1,,2026-06-23 09：00：00,【泛式∕录播】2026年7月新番茶话会,552533,1,02:08:14.100,02:19:23.400,https://www.bilibili.com/video/BV1Kk7u67EMZ?t=7694.1,https://www.bilibili.com/video/BV1Kk7u67EMZ?t=8363.4
202607,穹庐下的魔女,2,,2026-07-12 20：48：28,【泛式∕录播】令人畏惧的26年7月新番,552533,1,01:39:36.700,01:41:45.100,https://www.bilibili.com/video/BV1rLNG6JE9G?t=5976.7,https://www.bilibili.com/video/BV1rLNG6JE9G?t=6105.1
202607,穹庐下的魔女,3,,2026-07-12 20：48：28,【泛式∕录播】令人畏惧的26年7月新番,552533,1,01:44:06.600,01:56:31.400,https://www.bilibili.com/video/BV1rLNG6JE9G?t=6246.6,https://www.bilibili.com/video/BV1rLNG6JE9G?t=6991.4
202607,穹庐下的魔女,4,,2026-07-26 14：41：47,【泛式∕录播】炒完这盘就去死,552533,2,02:09:46.600,02:15:35.400,https://www.bilibili.com/video/BV1VS3j6PEic?t=7786.6&p=2,https://www.bilibili.com/video/BV1VS3j6PEic?t=8135.4&p=2
202607,穹庐下的魔女,5,,2026-08-09 12：05：16,【泛式∕录播】爱撒娇的人最好命,552533,1,00:34:56.900,00:37:08.200,https://www.bilibili.com/video/BV1bfuL6nEhn?t=2096.9,https://www.bilibili.com/video/BV1bfuL6nEhn?t=2228.2
202607,穹庐下的魔女,6,,2026-08-09 12：05：16,【泛式∕录播】爱撒娇的人最好命,552533,1,04:13:18.200,04:13:35.300,https://www.bilibili.com/video/BV1bfuL6nEhn?t=15198.2,https://www.bilibili.com/video/BV1bfuL6nEhn?t=15215.3
202607,穹庐下的魔女,7,,2026-09-06 09：00：00,【泛式∕录播】2026年7月新番OP∕ED鉴赏会,552533,1,01:33:51.000,01:37:53.100,https://www.bilibili.com/video/BV166bE6fEsr?t=5631.0,https://www.bilibili.com/video/BV166bE6fEsr?t=5873.1
202607,碧蓝之海 第三季,1,,2026-09-06 09：00：00,【泛式∕录播】2026年7月新番OP∕ED鉴赏会,569116,1,03:06:50.100,03:10:10.100,https://www.bilibili.com/video/BV166bE6fEsr?t=11210.1,https://www.bilibili.com/video/BV166bE6fEsr?t=11410.1
202607,相反的你和我 第二季,1,,2026-06-29 00：52：43,【泛式∕录播】别当兄弟了,638497,1,01:59:56.800,02:04:25.000,https://www.bilibili.com/video/BV1tUTK6JEKi?t=7196.8,https://www.bilibili.com/video/BV1tUTK6JEKi?t=7465.0
202607,相反的你和我 第二季,2,,2026-08-02 09：00：00,【泛式∕录播】《全缺。》,638497,1,02:28:20.000,02:42:27.800,https://www.bilibili.com/video/BV1Yb3S6dEs9?t=8900.0,https://www.bilibili.com/video/BV1Yb3S6dEs9?t=9747.8
202607,相反的你和我 第二季,3,遮挡,2026-08-09 12：05：16,【泛式∕录播】爱撒娇的人最好命,638497,1,02:39:17.300,02:55:19.500,https://www.bilibili.com/video/BV1bfuL6nEhn?t=9557.3,https://www.bilibili.com/video/BV1bfuL6nEhn?t=10519.5
202607,相反的你和我 第二季,4,,2026-08-16 09：00：00,【泛式∕录播】却道天凉好个秋,638497,1,03:54:55.600,03:58:02.500,https://www.bilibili.com/video/BV1XWb16sEkb?t=14095.6,https://www.bilibili.com/video/BV1XWb16sEkb?t=14282.5
202607,相反的你和我 第二季,5,,2026-09-06 09：00：00,【泛式∕录播】2026年7月新番OP∕ED鉴赏会,638497,1,02:53:34.800,02:56:50.000,https://www.bilibili.com/video/BV166bE6fEsr?t=10414.8,https://www.bilibili.com/video/BV166bE6fEsr?t=10610.0
202607,盗墓王,1,,2026-06-23 09：00：00,【泛式∕录播】2026年7月新番茶话会,621835,1,03:08:33.700,03:13:16.700,https://www.bilibili.com/video/BV1Kk7u67EMZ?t=11313.7,https://www.bilibili.com/video/BV1Kk7u67EMZ?t=11596.7
202607,盗墓王,2,,2026-09-06 09：00：00,【泛式∕录播】2026年7月新番OP∕ED鉴赏会,621835,1,04:30:25.600,04:33:26.400,https://www.bilibili.com/video/BV166bE6fEsr?t=16225.6,https://www.bilibili.com/video/BV166bE6fEsr?t=16406.4
202607,画完这个再去死,1,,2026-06-23 09：00：00,【泛式∕录播】2026年7月新番茶话会,545917,1,02:39:03.400,02:59:11.100,https://www.bilibili.com/video/BV1Kk7u67EMZ?t=9543.4,https://www.bilibili.com/video/BV1Kk7u67EMZ?t=10751.1
202607,画完这个再去死,2,,2026-07-05 09：00：00,【泛式∕录播】喜欢看这种残血带点虚弱的人类形象,545917,1,02:26:24.400,02:27:43.900,https://www.bilibili.com/video/BV1v6MN6fE3f?t=8784.4,https://www.bilibili.com/video/BV1v6MN6fE3f?t=8863.9
202607,画完这个再去死,3,,2026-07-12 20：48：28,【泛式∕录播】令人畏惧的26年7月新番,545917,1,01:41:45.100,01:44:06.600,https://www.bilibili.com/video/BV1rLNG6JE9G?t=6105.1,https://www.bilibili.com/video/BV1rLNG6JE9G?t=6246.6
202607,画完这个再去死,4,,2026-07-12 20：48：28,【泛式∕录播】令人畏惧的26年7月新番,545917,1,01:56:31.400,01:57:24.700,https://www.bilibili.com/video/BV1rLNG6JE9G?t=6991.4,https://www.bilibili.com/video/BV1rLNG6JE9G?t=7044.7
202607,画完这个再去死,5,,2026-07-12 20：48：28,【泛式∕录播】令人畏惧的26年7月新番,545917,1,02:07:26.500,02:08:37.700,https://www.bilibili.com/video/BV1rLNG6JE9G?t=7646.5,https://www.bilibili.com/video/BV1rLNG6JE9G?t=7717.7
202607,画完这个再去死,6,遮挡,2026-07-12 20：48：28,【泛式∕录播】令人畏惧的26年7月新番,545917,1,03:52:19.800,04:39:21.100,https://www.bilibili.com/video/BV1rLNG6JE9G?t=13939.8,https://www.bilibili.com/video/BV1rLNG6JE9G?t=16761.1
202607,画完这个再去死,7,,2026-07-19 09：00：00,【泛式∕录播】最享受下播番之人,545917,1,03:31:16.800,03:57:37.000,https://www.bilibili.com/video/BV1XhKT6dEFK?t=12676.8,https://www.bilibili.com/video/BV1XhKT6dEFK?t=14257.0
202607,画完这个再去死,8,,2026-07-26 14：41：47,【泛式∕录播】炒完这盘就去死,545917,2,02:26:52.400,02:27:01.000,https://www.bilibili.com/video/BV1VS3j6PEic?t=8812.4&p=2,https://www.bilibili.com/video/BV1VS3j6PEic?t=8821.0&p=2
202607,画完这个再去死,9,,2026-08-09 12：05：16,【泛式∕录播】爱撒娇的人最好命,545917,1,03:24:21.000,03:54:48.600,https://www.bilibili.com/video/BV1bfuL6nEhn?t=12261.0,https://www.bilibili.com/video/BV1bfuL6nEhn?t=14088.6
202607,画完这个再去死,10,,2026-08-30 09：00：00,【泛式∕录播】冷傲风纪黑长直＜短发波波头,545917,1,03:07:51.100,03:11:33.500,https://www.bilibili.com/video/BV1EZ426PEBY?t=11271.1,https://www.bilibili.com/video/BV1EZ426PEBY?t=11493.5
202607,画完这个再去死,11,,2026-09-06 09：00：00,【泛式∕录播】2026年7月新番OP∕ED鉴赏会,545917,1,01:21:00.900,01:24:11.000,https://www.bilibili.com/video/BV166bE6fEsr?t=4860.9,https://www.bilibili.com/video/BV166bE6fEsr?t=5051.0
202607,猫与龙,1,,2026-06-23 09：00：00,【泛式∕录播】2026年7月新番茶话会,538760,1,03:19:24.200,03:23:35.400,https://www.bilibili.com/video/BV1Kk7u67EMZ?t=11964.2,https://www.bilibili.com/video/BV1Kk7u67EMZ?t=12215.4
202607,猫与龙,2,,2026-07-12 20：48：28,【泛式∕录播】令人畏惧的26年7月新番,538760,1,03:42:30.400,03:52:19.800,https://www.bilibili.com/video/BV1rLNG6JE9G?t=13350.4,https://www.bilibili.com/video/BV1rLNG6JE9G?t=13939.8
202607,猫与龙,3,,2026-08-16 09：00：00,【泛式∕录播】却道天凉好个秋,538760,1,03:12:05.100,03:32:16.600,https://www.bilibili.com/video/BV1XWb16sEkb?t=11525.1,https://www.bilibili.com/video/BV1XWb16sEkb?t=12736.6
202607,猫与龙,4,,2026-09-06 09：00：00,【泛式∕录播】2026年7月新番OP∕ED鉴赏会,538760,1,01:02:16.000,01:05:53.400,https://www.bilibili.com/video/BV166bE6fEsr?t=3736.0,https://www.bilibili.com/video/BV166bE6fEsr?t=3953.4
202607,炒翻天,1,,2026-06-23 09：00：00,【泛式∕录播】2026年7月新番茶话会,615835,1,01:53:24.100,01:59:36.100,https://www.bilibili.com/video/BV1Kk7u67EMZ?t=6804.1,https://www.bilibili.com/video/BV1Kk7u67EMZ?t=7176.1
202607,炒翻天,2,,2026-07-19 09：00：00,【泛式∕录播】最享受下播番之人,615835,1,00:44:55.500,01:03:35.000,https://www.bilibili.com/video/BV1XhKT6dEFK?t=2695.5,https://www.bilibili.com/video/BV1XhKT6dEFK?t=3815.0
202607,炒翻天,3,,2026-07-26 14：41：47,【泛式∕录播】炒完这盘就去死,615835,2,02:35:43.100,02:50:05.500,https://www.bilibili.com/video/BV1VS3j6PEic?t=9343.1&p=2,https://www.bilibili.com/video/BV1VS3j6PEic?t=10205.5&p=2
202607,炒翻天,4,,2026-08-02 09：00：00,【泛式∕录播】《全缺。》,615835,2,00:08:25.200,00:12:45.200,https://www.bilibili.com/video/BV1Yb3S6dEs9?t=505.2&p=2,https://www.bilibili.com/video/BV1Yb3S6dEs9?t=765.2&p=2
202607,炒翻天,5,,2026-08-09 12：05：16,【泛式∕录播】爱撒娇的人最好命,615835,1,03:55:58.000,04:07:36.000,https://www.bilibili.com/video/BV1bfuL6nEhn?t=14158.0,https://www.bilibili.com/video/BV1bfuL6nEhn?t=14856.0
202607,炒翻天,6,,2026-08-23 09：00：00,【泛式∕录播】认真看我妈的童年,615835,1,04:25:40.200,04:41:45.800,https://www.bilibili.com/video/BV14p8p6DEKC?t=15940.2,https://www.bilibili.com/video/BV14p8p6DEKC?t=16905.8
202607,炒翻天,7,,2026-08-30 09：00：00,【泛式∕录播】冷傲风纪黑长直＜短发波波头,615835,1,03:39:02.100,03:57:34.900,https://www.bilibili.com/video/BV1EZ426PEBY?t=13142.1,https://www.bilibili.com/video/BV1EZ426PEBY?t=14254.9
202607,炒翻天,8,,2026-09-06 09：00：00,【泛式∕录播】2026年7月新番OP∕ED鉴赏会,615835,1,02:46:43.200,02:50:06.900,https://www.bilibili.com/video/BV166bE6fEsr?t=10003.2,https://www.bilibili.com/video/BV166bE6fEsr?t=10206.9
202607,澈底对你成瘾,1,,2026-09-06 09：00：00,【泛式∕录播】2026年7月新番OP∕ED鉴赏会,630164,1,00:11:50.000,00:13:26.000,https://www.bilibili.com/video/BV166bE6fEsr?t=710.0,https://www.bilibili.com/video/BV166bE6fEsr?t=806.0
202607,死神 千年血战篇-祸进谭-,1,,2026-06-23 09：00：00,【泛式∕录播】2026年7月新番茶话会,530725,1,00:59:23.900,01:05:56.400,https://www.bilibili.com/video/BV1Kk7u67EMZ?t=3563.9,https://www.bilibili.com/video/BV1Kk7u67EMZ?t=3956.4
202607,死神 千年血战篇-祸进谭-,2,,2026-08-02 09：00：00,【泛式∕录播】《全缺。》,530725,1,01:00:05.000,01:04:21.300,https://www.bilibili.com/video/BV1Yb3S6dEs9?t=3605.0,https://www.bilibili.com/video/BV1Yb3S6dEs9?t=3861.3
202607,死神 千年血战篇-祸进谭-,3,,2026-08-16 09：00：00,【泛式∕录播】却道天凉好个秋,530725,1,00:46:36.400,00:55:42.400,https://www.bilibili.com/video/BV1XWb16sEkb?t=2796.4,https://www.bilibili.com/video/BV1XWb16sEkb?t=3342.4
202607,死神 千年血战篇-祸进谭-,4,,2026-08-30 09：00：00,【泛式∕录播】冷傲风纪黑长直＜短发波波头,530725,1,01:38:05.800,02:24:46.900,https://www.bilibili.com/video/BV1EZ426PEBY?t=5885.8,https://www.bilibili.com/video/BV1EZ426PEBY?t=8686.9
202607,死神 千年血战篇-祸进谭-,5,,2026-09-06 09：00：00,【泛式∕录播】2026年7月新番OP∕ED鉴赏会,530725,1,04:01:20.000,04:04:31.000,https://www.bilibili.com/video/BV166bE6fEsr?t=14480.0,https://www.bilibili.com/video/BV166bE6fEsr?t=14671.0
202607,梅比乌斯之尘,1,,2026-06-23 09：00：00,【泛式∕录播】2026年7月新番茶话会,276787,1,02:25:36.300,02:30:25.900,https://www.bilibili.com/video/BV1Kk7u67EMZ?t=8736.3,https://www.bilibili.com/video/BV1Kk7u67EMZ?t=9025.9
202607,梅比乌斯之尘,2,,2026-07-12 20：48：28,【泛式∕录播】令人畏惧的26年7月新番,276787,1,01:35:25.400,01:39:36.700,https://www.bilibili.com/video/BV1rLNG6JE9G?t=5725.4,https://www.bilibili.com/video/BV1rLNG6JE9G?t=5976.7
202607,梅比乌斯之尘,3,,2026-07-19 09：00：00,【泛式∕录播】最享受下播番之人,276787,1,01:04:40.600,01:05:01.500,https://www.bilibili.com/video/BV1XhKT6dEFK?t=3880.6,https://www.bilibili.com/video/BV1XhKT6dEFK?t=3901.5
202607,梅比乌斯之尘,4,,2026-07-26 14：41：47,【泛式∕录播】炒完这盘就去死,276787,1,01:17:31.400,01:18:12.800,https://www.bilibili.com/video/BV1VS3j6PEic?t=4651.4,https://www.bilibili.com/video/BV1VS3j6PEic?t=4692.8
202607,梅比乌斯之尘,5,,2026-07-26 14：41：47,【泛式∕录播】炒完这盘就去死,276787,2,00:00:01.800,00:00:49.200,https://www.bilibili.com/video/BV1VS3j6PEic?t=1.8&p=2,https://www.bilibili.com/video/BV1VS3j6PEic?t=49.2&p=2
202607,梅比乌斯之尘,6,,2026-08-30 09：00：00,【泛式∕录播】冷傲风纪黑长直＜短发波波头,276787,1,01:00:17.500,01:06:58.200,https://www.bilibili.com/video/BV1EZ426PEBY?t=3617.5,https://www.bilibili.com/video/BV1EZ426PEBY?t=4018.2
202607,梅比乌斯之尘,7,,2026-09-06 09：00：00,【泛式∕录播】2026年7月新番OP∕ED鉴赏会,276787,1,04:33:30.000,04:36:30.200,https://www.bilibili.com/video/BV166bE6fEsr?t=16410.0,https://www.bilibili.com/video/BV166bE6fEsr?t=16590.2
202607,暗黑灯火,1,,2026-07-26 14：41：47,【泛式∕录播】炒完这盘就去死,542603,2,02:27:04.200,02:34:49.900,https://www.bilibili.com/video/BV1VS3j6PEic?t=8824.2&p=2,https://www.bilibili.com/video/BV1VS3j6PEic?t=9289.9&p=2
202607,暗黑灯火,2,,2026-09-06 09：00：00,【泛式∕录播】2026年7月新番OP∕ED鉴赏会,542603,1,01:30:15.800,01:33:38.700,https://www.bilibili.com/video/BV166bE6fEsr?t=5415.8,https://www.bilibili.com/video/BV166bE6fEsr?t=5618.7
202607,无自觉圣女今天也无意识地释放力量,1,,2026-09-06 09：00：00,【泛式∕录播】2026年7月新番OP∕ED鉴赏会,571910,1,03:41:25.600,03:44:58.000,https://www.bilibili.com/video/BV166bE6fEsr?t=13285.6,https://www.bilibili.com/video/BV166bE6fEsr?t=13498.0
202607,无职转生 第三季 ～到了异世界就拿出真本事～,1,,2026-06-23 09：00：00,【泛式∕录播】2026年7月新番茶话会,501963,1,00:55:49.000,00:59:23.900,https://www.bilibili.com/video/BV1Kk7u67EMZ?t=3349.0,https://www.bilibili.com/video/BV1Kk7u67EMZ?t=3563.9
202607,无职转生 第三季 ～到了异世界就拿出真本事～,2,,2026-08-30 09：00：00,【泛式∕录播】冷傲风纪黑长直＜短发波波头,501963,1,03:11:45.900,03:23:53.200,https://www.bilibili.com/video/BV1EZ426PEBY?t=11505.9,https://www.bilibili.com/video/BV1EZ426PEBY?t=12233.2
202607,无职转生 第三季 ～到了异世界就拿出真本事～,3,,2026-09-06 09：00：00,【泛式∕录播】2026年7月新番OP∕ED鉴赏会,501963,1,03:00:15.900,03:06:48.200,https://www.bilibili.com/video/BV166bE6fEsr?t=10815.9,https://www.bilibili.com/video/BV166bE6fEsr?t=11208.2
202607,无用圣女的异世界美食之旅 凭借隐藏技能召唤露营车,1,,2026-07-19 09：00：00,【泛式∕录播】最享受下播番之人,636067,1,02:53:04.800,02:54:40.100,https://www.bilibili.com/video/BV1XhKT6dEFK?t=10384.8,https://www.bilibili.com/video/BV1XhKT6dEFK?t=10480.1
202607,无用圣女的异世界美食之旅 凭借隐藏技能召唤露营车,2,,2026-09-06 09：00：00,【泛式∕录播】2026年7月新番OP∕ED鉴赏会,636067,1,04:21:00.000,04:24:03.600,https://www.bilibili.com/video/BV166bE6fEsr?t=15660.0,https://www.bilibili.com/video/BV166bE6fEsr?t=15843.6
202607,斗球女弹子,1,,2026-09-06 09：00：00,【泛式∕录播】2026年7月新番OP∕ED鉴赏会,569671,1,00:35:05.400,00:38:26.300,https://www.bilibili.com/video/BV166bE6fEsr?t=2105.4,https://www.bilibili.com/video/BV166bE6fEsr?t=2306.3
202607,攻壳机动队 THE GHOST IN THE SHELL,1,,2026-06-23 09：00：00,【泛式∕录播】2026年7月新番茶话会,496276,1,00:43:19.500,00:55:49.000,https://www.bilibili.com/video/BV1Kk7u67EMZ?t=2599.5,https://www.bilibili.com/video/BV1Kk7u67EMZ?t=3349.0
202607,攻壳机动队 THE GHOST IN THE SHELL,2,,2026-07-12 20：48：28,【泛式∕录播】令人畏惧的26年7月新番,496276,1,01:57:47.000,02:07:26.500,https://www.bilibili.com/video/BV1rLNG6JE9G?t=7067.0,https://www.bilibili.com/video/BV1rLNG6JE9G?t=7646.5
202607,攻壳机动队 THE GHOST IN THE SHELL,3,,2026-09-06 09：00：00,【泛式∕录播】2026年7月新番OP∕ED鉴赏会,496276,1,02:50:20.900,02:53:34.800,https://www.bilibili.com/video/BV166bE6fEsr?t=10220.9,https://www.bilibili.com/video/BV166bE6fEsr?t=10414.8
202607,擅长逃跑的殿下 第二季,1,,2026-08-02 09：00：00,【泛式∕录播】《全缺。》,517106,1,02:42:50.100,02:58:58.500,https://www.bilibili.com/video/BV1Yb3S6dEs9?t=9770.1,https://www.bilibili.com/video/BV1Yb3S6dEs9?t=10738.5
202607,擅长逃跑的殿下 第二季,2,,2026-09-06 09：00：00,【泛式∕录播】2026年7月新番OP∕ED鉴赏会,517106,1,01:10:16.200,01:13:53.800,https://www.bilibili.com/video/BV166bE6fEsr?t=4216.2,https://www.bilibili.com/video/BV166bE6fEsr?t=4433.8
202607,拯救替身千金的是冷酷无情冰之王子的爱,1,,2026-09-06 09：00：00,【泛式∕录播】2026年7月新番OP∕ED鉴赏会,638995,1,00:13:30.100,00:15:03.900,https://www.bilibili.com/video/BV166bE6fEsr?t=810.1,https://www.bilibili.com/video/BV166bE6fEsr?t=903.9
202607,才女的侍从 在满是高岭之花的贵族学校暗中照顾（毫无生活自理能力的）学院第一大小姐,1,,2026-08-09 12：05：16,【泛式∕录播】爱撒娇的人最好命,602733,1,03:11:30.000,03:24:21.000,https://www.bilibili.com/video/BV1bfuL6nEhn?t=11490.0,https://www.bilibili.com/video/BV1bfuL6nEhn?t=12261.0
202607,才女的侍从 在满是高岭之花的贵族学校暗中照顾（毫无生活自理能力的）学院第一大小姐,2,,2026-09-06 09：00：00,【泛式∕录播】2026年7月新番OP∕ED鉴赏会,602733,1,04:14:40.000,04:17:47.300,https://www.bilibili.com/video/BV166bE6fEsr?t=15280.0,https://www.bilibili.com/video/BV166bE6fEsr?t=15467.3
202607,我家的弟弟们真是让您费心了,1,,2026-09-06 09：00：00,【泛式∕录播】2026年7月新番OP∕ED鉴赏会,613438,1,01:24:16.000,01:27:30.500,https://www.bilibili.com/video/BV166bE6fEsr?t=5056.0,https://www.bilibili.com/video/BV166bE6fEsr?t=5250.5
202607,感谢对战。 ～大小姐才不玩格斗游戏～,1,,2026-06-23 09：00：00,【泛式∕录播】2026年7月新番茶话会,325767,1,03:23:35.400,03:32:05.600,https://www.bilibili.com/video/BV1Kk7u67EMZ?t=12215.4,https://www.bilibili.com/video/BV1Kk7u67EMZ?t=12725.6
202607,感谢对战。 ～大小姐才不玩格斗游戏～,2,,2026-07-12 20：48：28,【泛式∕录播】令人畏惧的26年7月新番,325767,1,03:02:35.700,03:17:57.300,https://www.bilibili.com/video/BV1rLNG6JE9G?t=10955.7,https://www.bilibili.com/video/BV1rLNG6JE9G?t=11877.3
202607,感谢对战。 ～大小姐才不玩格斗游戏～,3,,2026-07-19 09：00：00,【泛式∕录播】最享受下播番之人,325767,1,03:16:57.400,03:31:07.100,https://www.bilibili.com/video/BV1XhKT6dEFK?t=11817.4,https://www.bilibili.com/video/BV1XhKT6dEFK?t=12667.1
202607,感谢对战。 ～大小姐才不玩格斗游戏～,4,,2026-07-26 14：41：47,【泛式∕录播】炒完这盘就去死,325767,2,01:43:21.800,01:55:48.400,https://www.bilibili.com/video/BV1VS3j6PEic?t=6201.8&p=2,https://www.bilibili.com/video/BV1VS3j6PEic?t=6948.4&p=2
202607,感谢对战。 ～大小姐才不玩格斗游戏～,5,,2026-08-09 12：05：16,【泛式∕录播】爱撒娇的人最好命,325767,1,01:06:30.000,01:16:10.500,https://www.bilibili.com/video/BV1bfuL6nEhn?t=3990.0,https://www.bilibili.com/video/BV1bfuL6nEhn?t=4570.5
202607,感谢对战。 ～大小姐才不玩格斗游戏～,6,,2026-08-23 09：00：00,【泛式∕录播】认真看我妈的童年,325767,1,04:10:13.500,04:22:06.600,https://www.bilibili.com/video/BV14p8p6DEKC?t=15013.5,https://www.bilibili.com/video/BV14p8p6DEKC?t=15726.6
202607,感谢对战。 ～大小姐才不玩格斗游戏～,7,,2026-08-30 09：00：00,【泛式∕录播】冷傲风纪黑长直＜短发波波头,325767,1,03:28:00.000,03:39:02.100,https://www.bilibili.com/video/BV1EZ426PEBY?t=12480.0,https://www.bilibili.com/video/BV1EZ426PEBY?t=13142.1
202607,感谢对战。 ～大小姐才不玩格斗游戏～,8,,2026-09-06 09：00：00,【泛式∕录播】2026年7月新番OP∕ED鉴赏会,325767,1,02:37:04.300,02:40:21.200,https://www.bilibili.com/video/BV166bE6fEsr?t=9424.3,https://www.bilibili.com/video/BV166bE6fEsr?t=9621.2
202607,恶女不才，请多关照 ～雏宫蝶鼠换身传～,1,,2026-06-23 09：00：00,【泛式∕录播】2026年7月新番茶话会,545008,1,01:05:56.400,01:19:02.900,https://www.bilibili.com/video/BV1Kk7u67EMZ?t=3956.4,https://www.bilibili.com/video/BV1Kk7u67EMZ?t=4742.9
202607,恶女不才，请多关照 ～雏宫蝶鼠换身传～,2,,2026-07-19 09：00：00,【泛式∕录播】最享受下播番之人,545008,1,02:43:19.600,02:53:19.000,https://www.bilibili.com/video/BV1XhKT6dEFK?t=9799.6,https://www.bilibili.com/video/BV1XhKT6dEFK?t=10399.0
202607,恶女不才，请多关照 ～雏宫蝶鼠换身传～,3,,2026-07-26 14：41：47,【泛式∕录播】炒完这盘就去死,545008,2,02:15:48.700,02:25:58.300,https://www.bilibili.com/video/BV1VS3j6PEic?t=8148.7&p=2,https://www.bilibili.com/video/BV1VS3j6PEic?t=8758.3&p=2
202607,恶女不才，请多关照 ～雏宫蝶鼠换身传～,4,,2026-08-30 09：00：00,【泛式∕录播】冷傲风纪黑长直＜短发波波头,545008,1,03:58:41.400,04:02:25.000,https://www.bilibili.com/video/BV1EZ426PEBY?t=14321.4,https://www.bilibili.com/video/BV1EZ426PEBY?t=14545.0
202607,恶女不才，请多关照 ～雏宫蝶鼠换身传～,5,,2026-09-06 09：00：00,【泛式∕录播】2026年7月新番OP∕ED鉴赏会,545008,1,03:28:25.200,03:31:29.300,https://www.bilibili.com/video/BV166bE6fEsr?t=12505.2,https://www.bilibili.com/video/BV166bE6fEsr?t=12689.3
202607,恋爱游戏世界对路人角色很不友好 第二季,1,,2026-09-06 09：00：00,【泛式∕录播】2026年7月新番OP∕ED鉴赏会,412144,1,03:10:10.300,03:13:42.800,https://www.bilibili.com/video/BV166bE6fEsr?t=11410.3,https://www.bilibili.com/video/BV166bE6fEsr?t=11622.8
202607,幼女战记 第二季,1,,2026-09-06 09：00：00,【泛式∕录播】2026年7月新番OP∕ED鉴赏会,339515,1,04:39:55.000,04:41:26.300,https://www.bilibili.com/video/BV166bE6fEsr?t=16795.0,https://www.bilibili.com/video/BV166bE6fEsr?t=16886.3
202607,幼女战记 第二季,2,,2026-09-06 09：00：00,【泛式∕录播】2026年7月新番OP∕ED鉴赏会,339515,1,04:44:26.400,04:45:58.900,https://www.bilibili.com/video/BV166bE6fEsr?t=17066.4,https://www.bilibili.com/video/BV166bE6fEsr?t=17158.9
202607,岩元前辈的推荐,1,,2026-09-06 09：00：00,【泛式∕录播】2026年7月新番OP∕ED鉴赏会,621843,1,00:54:45.300,00:57:53.700,https://www.bilibili.com/video/BV166bE6fEsr?t=3285.3,https://www.bilibili.com/video/BV166bE6fEsr?t=3473.7
202607,尼古喵喵,1,遮挡,2026-06-23 09：00：00,【泛式∕录播】2026年7月新番茶话会,622206,1,00:37:08.500,00:39:20.800,https://www.bilibili.com/video/BV1Kk7u67EMZ?t=2228.5,https://www.bilibili.com/video/BV1Kk7u67EMZ?t=2360.8
202607,尼古喵喵,2,遮挡,2026-06-23 09：00：00,【泛式∕录播】2026年7月新番茶话会,622206,1,00:39:51.500,00:43:19.500,https://www.bilibili.com/video/BV1Kk7u67EMZ?t=2391.5,https://www.bilibili.com/video/BV1Kk7u67EMZ?t=2599.5
202607,尼古喵喵,3,,2026-07-05 09：00：00,【泛式∕录播】喜欢看这种残血带点虚弱的人类形象,622206,1,02:21:07.200,02:26:24.400,https://www.bilibili.com/video/BV1v6MN6fE3f?t=8467.2,https://www.bilibili.com/video/BV1v6MN6fE3f?t=8784.4
202607,尼古喵喵,4,,2026-07-12 20：48：28,【泛式∕录播】令人畏惧的26年7月新番,622206,1,03:18:04.100,03:18:33.500,https://www.bilibili.com/video/BV1rLNG6JE9G?t=11884.1,https://www.bilibili.com/video/BV1rLNG6JE9G?t=11913.5
202607,尼古喵喵,5,遮挡,2026-07-26 14：41：47,【泛式∕录播】炒完这盘就去死,622206,1,01:01:06.000,01:12:14.300,https://www.bilibili.com/video/BV1VS3j6PEic?t=3666.0,https://www.bilibili.com/video/BV1VS3j6PEic?t=4334.3
202607,尼古喵喵,6,,2026-07-26 14：41：47,【泛式∕录播】炒完这盘就去死,622206,1,01:13:14.300,01:17:21.500,https://www.bilibili.com/video/BV1VS3j6PEic?t=4394.3,https://www.bilibili.com/video/BV1VS3j6PEic?t=4641.5
202607,尼古喵喵,7,,2026-08-09 12：05：16,【泛式∕录播】爱撒娇的人最好命,622206,1,02:55:29.200,03:02:05.700,https://www.bilibili.com/video/BV1bfuL6nEhn?t=10529.2,https://www.bilibili.com/video/BV1bfuL6nEhn?t=10925.7
202607,尼古喵喵,8,,2026-09-06 09：00：00,【泛式∕录播】2026年7月新番OP∕ED鉴赏会,622206,1,01:14:11.200,01:17:21.800,https://www.bilibili.com/video/BV166bE6fEsr?t=4451.2,https://www.bilibili.com/video/BV166bE6fEsr?t=4641.8
202607,少女怪兽焦糖味,1,,2026-06-23 09：00：00,【泛式∕录播】2026年7月新番茶话会,617123,1,02:34:08.200,02:39:03.400,https://www.bilibili.com/video/BV1Kk7u67EMZ?t=9248.2,https://www.bilibili.com/video/BV1Kk7u67EMZ?t=9543.4
202607,少女怪兽焦糖味,2,,2026-07-12 20：48：28,【泛式∕录播】令人畏惧的26年7月新番,617123,1,03:24:36.000,03:29:51.600,https://www.bilibili.com/video/BV1rLNG6JE9G?t=12276.0,https://www.bilibili.com/video/BV1rLNG6JE9G?t=12591.6
202607,少女怪兽焦糖味,3,,2026-09-06 09：00：00,【泛式∕录播】2026年7月新番OP∕ED鉴赏会,617123,1,01:17:25.800,01:20:55.300,https://www.bilibili.com/video/BV166bE6fEsr?t=4645.8,https://www.bilibili.com/video/BV166bE6fEsr?t=4855.3
202607,女主角？圣女？不，我是杂役女仆（自豪）！,1,,2026-09-06 09：00：00,【泛式∕录播】2026年7月新番OP∕ED鉴赏会,558064,1,03:31:35.000,03:34:51.800,https://www.bilibili.com/video/BV166bE6fEsr?t=12695.0,https://www.bilibili.com/video/BV166bE6fEsr?t=12891.8
202607,奇招百出的维多利亚,1,,2026-06-23 09：00：00,【泛式∕录播】2026年7月新番茶话会,584641,1,01:59:36.100,02:02:06.800,https://www.bilibili.com/video/BV1Kk7u67EMZ?t=7176.1,https://www.bilibili.com/video/BV1Kk7u67EMZ?t=7326.8
202607,奇招百出的维多利亚,2,,2026-09-06 09：00：00,【泛式∕录播】2026年7月新番OP∕ED鉴赏会,584641,1,00:39:05.300,00:43:33.800,https://www.bilibili.com/video/BV166bE6fEsr?t=2345.3,https://www.bilibili.com/video/BV166bE6fEsr?t=2613.8
202607,天是红河岸,1,,2026-06-23 09：00：00,【泛式∕录播】2026年7月新番茶话会,627648,1,03:13:16.700,03:16:43.100,https://www.bilibili.com/video/BV1Kk7u67EMZ?t=11596.7,https://www.bilibili.com/video/BV1Kk7u67EMZ?t=11803.1
202607,天是红河岸,2,,2026-09-06 09：00：00,【泛式∕录播】2026年7月新番OP∕ED鉴赏会,627648,1,04:24:10.000,04:27:22.400,https://www.bilibili.com/video/BV166bE6fEsr?t=15850.0,https://www.bilibili.com/video/BV166bE6fEsr?t=16042.4
202607,地狱模式～喜欢挑战特殊成就的玩家在废设定的异世界成为无双～第二季,1,,2026-09-06 09：00：00,【泛式∕录播】2026年7月新番OP∕ED鉴赏会,638151,1,03:13:40.500,03:17:05.300,https://www.bilibili.com/video/BV166bE6fEsr?t=11620.5,https://www.bilibili.com/video/BV166bE6fEsr?t=11825.3
202607,在超市后门吸烟的二人,1,,2026-06-14 09：00：00,【泛式∕录播】但是梅莉真可爱啊,571784,1,01:01:59.900,01:12:10.700,https://www.bilibili.com/video/BV1BfJW6UEKM?t=3719.9,https://www.bilibili.com/video/BV1BfJW6UEKM?t=4330.7
202607,在超市后门吸烟的二人,2,,2026-06-23 09：00：00,【泛式∕录播】2026年7月新番茶话会,571784,1,00:12:11.300,00:37:16.500,https://www.bilibili.com/video/BV1Kk7u67EMZ?t=731.3,https://www.bilibili.com/video/BV1Kk7u67EMZ?t=2236.5
202607,在超市后门吸烟的二人,3,,2026-09-06 09：00：00,【泛式∕录播】2026年7月新番OP∕ED鉴赏会,571784,1,03:34:55.000,03:41:18.200,https://www.bilibili.com/video/BV166bE6fEsr?t=12895.0,https://www.bilibili.com/video/BV166bE6fEsr?t=13278.2
202607,刃牙道 第2部分,1,,2026-09-06 09：00：00,【泛式∕录播】2026年7月新番OP∕ED鉴赏会,638498,1,00:30:51.500,00:34:13.100,https://www.bilibili.com/video/BV166bE6fEsr?t=1851.5,https://www.bilibili.com/video/BV166bE6fEsr?t=2053.1
202607,再见菈菈,1,,2026-06-23 09：00：00,【泛式∕录播】2026年7月新番茶话会,495291,1,03:32:19.200,03:46:09.200,https://www.bilibili.com/video/BV1Kk7u67EMZ?t=12739.2,https://www.bilibili.com/video/BV1Kk7u67EMZ?t=13569.2
202607,再见菈菈,2,,2026-07-12 20：48：28,【泛式∕录播】令人畏惧的26年7月新番,495291,1,01:32:36.800,01:35:25.400,https://www.bilibili.com/video/BV1rLNG6JE9G?t=5556.8,https://www.bilibili.com/video/BV1rLNG6JE9G?t=5725.4
202607,再见菈菈,3,,2026-07-19 09：00：00,【泛式∕录播】最享受下播番之人,495291,1,01:05:13.000,01:15:32.500,https://www.bilibili.com/video/BV1XhKT6dEFK?t=3913.0,https://www.bilibili.com/video/BV1XhKT6dEFK?t=4532.5
202607,再见菈菈,4,,2026-07-26 14：41：47,【泛式∕录播】炒完这盘就去死,495291,2,00:00:49.400,00:01:59.200,https://www.bilibili.com/video/BV1VS3j6PEic?t=49.4&p=2,https://www.bilibili.com/video/BV1VS3j6PEic?t=119.2&p=2
202607,再见菈菈,5,,2026-07-26 14：41：47,【泛式∕录播】炒完这盘就去死,495291,2,01:12:18.600,01:43:21.800,https://www.bilibili.com/video/BV1VS3j6PEic?t=4338.6&p=2,https://www.bilibili.com/video/BV1VS3j6PEic?t=6201.8&p=2
202607,再见菈菈,6,,2026-08-02 09：00：00,【泛式∕录播】《全缺。》,495291,1,03:02:50.100,03:25:05.400,https://www.bilibili.com/video/BV1Yb3S6dEs9?t=10970.1,https://www.bilibili.com/video/BV1Yb3S6dEs9?t=12305.4
202607,再见菈菈,7,,2026-08-16 09：00：00,【泛式∕录播】却道天凉好个秋,495291,1,00:56:05.400,01:07:08.900,https://www.bilibili.com/video/BV1XWb16sEkb?t=3365.4,https://www.bilibili.com/video/BV1XWb16sEkb?t=4028.9
202607,再见菈菈,8,,2026-08-23 09：00：00,【泛式∕录播】认真看我妈的童年,495291,1,02:29:30.000,03:19:47.900,https://www.bilibili.com/video/BV14p8p6DEKC?t=8970.0,https://www.bilibili.com/video/BV14p8p6DEKC?t=11987.9
202607,再见菈菈,9,,2026-08-30 09：00：00,【泛式∕录播】冷傲风纪黑长直＜短发波波头,495291,1,00:57:21.000,01:00:17.500,https://www.bilibili.com/video/BV1EZ426PEBY?t=3441.0,https://www.bilibili.com/video/BV1EZ426PEBY?t=3617.5
202607,再见菈菈,10,,2026-09-06 09：00：00,【泛式∕录播】2026年7月新番OP∕ED鉴赏会,495291,1,02:27:24.800,02:31:50.000,https://www.bilibili.com/video/BV166bE6fEsr?t=8844.8,https://www.bilibili.com/video/BV166bE6fEsr?t=9110.0
202607,令和妖神斑小姐,1,,2026-06-23 09：00：00,【泛式∕录播】2026年7月新番茶话会,614594,1,02:30:25.900,02:34:08.200,https://www.bilibili.com/video/BV1Kk7u67EMZ?t=9025.9,https://www.bilibili.com/video/BV1Kk7u67EMZ?t=9248.2
202607,令和妖神斑小姐,2,,2026-09-06 09：00：00,【泛式∕录播】2026年7月新番OP∕ED鉴赏会,614594,1,03:48:05.400,03:51:16.300,https://www.bilibili.com/video/BV166bE6fEsr?t=13685.4,https://www.bilibili.com/video/BV166bE6fEsr?t=13876.3
202607,从后面来的神威先生,1,,2026-06-23 09：00：00,【泛式∕录播】2026年7月新番茶话会,627136,1,02:19:23.400,02:25:36.300,https://www.bilibili.com/video/BV1Kk7u67EMZ?t=8363.4,https://www.bilibili.com/video/BV1Kk7u67EMZ?t=8736.3
202607,从后面来的神威先生,2,,2026-09-06 09：00：00,【泛式∕录播】2026年7月新番OP∕ED鉴赏会,627136,1,01:27:35.800,01:30:12.300,https://www.bilibili.com/video/BV166bE6fEsr?t=5255.8,https://www.bilibili.com/video/BV166bE6fEsr?t=5412.3
202607,从0位居民开始的边境领主大人,1,,2026-09-06 09：00：00,【泛式∕录播】2026年7月新番OP∕ED鉴赏会,571895,1,03:58:20.000,04:01:19.700,https://www.bilibili.com/video/BV166bE6fEsr?t=14300.0,https://www.bilibili.com/video/BV166bE6fEsr?t=14479.7
202607,人造人009 涅墨西斯,1,,2026-09-06 09：00：00,【泛式∕录播】2026年7月新番OP∕ED鉴赏会,571896,1,00:43:40.000,00:47:02.800,https://www.bilibili.com/video/BV166bE6fEsr?t=2620.0,https://www.bilibili.com/video/BV166bE6fEsr?t=2822.8
202607,二十世纪电气目录,1,,2026-06-23 09：00：00,【泛式∕录播】2026年7月新番茶话会,255209,1,01:19:02.900,01:33:13.200,https://www.bilibili.com/video/BV1Kk7u67EMZ?t=4742.9,https://www.bilibili.com/video/BV1Kk7u67EMZ?t=5593.2
202607,二十世纪电气目录,2,,2026-07-12 20：48：28,【泛式∕录播】令人畏惧的26年7月新番,255209,1,03:18:40.400,03:23:23.800,https://www.bilibili.com/video/BV1rLNG6JE9G?t=11920.4,https://www.bilibili.com/video/BV1rLNG6JE9G?t=12203.8
202607,二十世纪电气目录,3,,2026-07-19 09：00：00,【泛式∕录播】最享受下播番之人,255209,1,02:54:33.600,03:06:52.600,https://www.bilibili.com/video/BV1XhKT6dEFK?t=10473.6,https://www.bilibili.com/video/BV1XhKT6dEFK?t=11212.6
202607,二十世纪电气目录,4,,2026-07-26 14：41：47,【泛式∕录播】炒完这盘就去死,255209,2,00:56:39.600,01:12:18.600,https://www.bilibili.com/video/BV1VS3j6PEic?t=3399.6&p=2,https://www.bilibili.com/video/BV1VS3j6PEic?t=4338.6&p=2
202607,二十世纪电气目录,5,,2026-08-02 09：00：00,【泛式∕录播】《全缺。》,255209,1,03:30:30.000,03:38:38.200,https://www.bilibili.com/video/BV1Yb3S6dEs9?t=12630.0,https://www.bilibili.com/video/BV1Yb3S6dEs9?t=13118.2
202607,二十世纪电气目录,6,,2026-08-09 12：05：16,【泛式∕录播】爱撒娇的人最好命,255209,1,03:02:05.700,03:07:38.700,https://www.bilibili.com/video/BV1bfuL6nEhn?t=10925.7,https://www.bilibili.com/video/BV1bfuL6nEhn?t=11258.7
202607,二十世纪电气目录,7,,2026-08-16 09：00：00,【泛式∕录播】却道天凉好个秋,255209,1,02:22:17.000,02:50:24.800,https://www.bilibili.com/video/BV1XWb16sEkb?t=8537.0,https://www.bilibili.com/video/BV1XWb16sEkb?t=10224.8
202607,二十世纪电气目录,8,,2026-08-30 09：00：00,【泛式∕录播】冷傲风纪黑长直＜短发波波头,255209,1,03:57:44.400,03:58:41.400,https://www.bilibili.com/video/BV1EZ426PEBY?t=14264.4,https://www.bilibili.com/video/BV1EZ426PEBY?t=14321.4
202607,二十世纪电气目录,9,,2026-09-06 09：00：00,【泛式∕录播】2026年7月新番OP∕ED鉴赏会,255209,1,02:00:22.200,02:15:41.000,https://www.bilibili.com/video/BV166bE6fEsr?t=7222.2,https://www.bilibili.com/video/BV166bE6fEsr?t=8141.0
202607,乡下大叔成为剑圣 第二季,1,,2026-09-06 09：00：00,【泛式∕录播】2026年7月新番OP∕ED鉴赏会,565701,1,02:57:01.000,03:00:04.300,https://www.bilibili.com/video/BV166bE6fEsr?t=10621.0,https://www.bilibili.com/video/BV166bE6fEsr?t=10804.3
202607,世界最强的后卫 ～迷宫国的新人探索者～,1,,2026-09-06 09：00：00,【泛式∕录播】2026年7月新番OP∕ED鉴赏会,583862,1,02:43:40.900,02:46:43.200,https://www.bilibili.com/video/BV166bE6fEsr?t=9820.9,https://www.bilibili.com/video/BV166bE6fEsr?t=10003.2
202607,与奔驰于透明之夜的你，谈一场看不见的恋爱。,1,,2026-06-23 09：00：00,【泛式∕录播】2026年7月新番茶话会,607340,1,02:59:11.100,03:08:33.700,https://www.bilibili.com/video/BV1Kk7u67EMZ?t=10751.1,https://www.bilibili.com/video/BV1Kk7u67EMZ?t=11313.7
202607,与奔驰于透明之夜的你，谈一场看不见的恋爱。,2,,2026-07-12 20：48：28,【泛式∕录播】令人畏惧的26年7月新番,607340,1,03:29:51.600,03:41:13.700,https://www.bilibili.com/video/BV1rLNG6JE9G?t=12591.6,https://www.bilibili.com/video/BV1rLNG6JE9G?t=13273.7
202607,与奔驰于透明之夜的你，谈一场看不见的恋爱。,3,,2026-07-19 09：00：00,【泛式∕录播】最享受下播番之人,607340,1,02:38:43.400,02:43:19.600,https://www.bilibili.com/video/BV1XhKT6dEFK?t=9523.4,https://www.bilibili.com/video/BV1XhKT6dEFK?t=9799.6
202607,与奔驰于透明之夜的你，谈一场看不见的恋爱。,4,,2026-08-09 12：05：16,【泛式∕录播】爱撒娇的人最好命,607340,1,02:25:13.900,02:37:48.000,https://www.bilibili.com/video/BV1bfuL6nEhn?t=8713.9,https://www.bilibili.com/video/BV1bfuL6nEhn?t=9468.0
202607,与奔驰于透明之夜的你，谈一场看不见的恋爱。,5,,2026-08-16 09：00：00,【泛式∕录播】却道天凉好个秋,607340,1,02:50:35.200,03:12:01.000,https://www.bilibili.com/video/BV1XWb16sEkb?t=10235.2,https://www.bilibili.com/video/BV1XWb16sEkb?t=11521.0
202607,与奔驰于透明之夜的你，谈一场看不见的恋爱。,6,,2026-09-06 09：00：00,【泛式∕录播】2026年7月新番OP∕ED鉴赏会,607340,1,04:11:25.000,04:14:28.600,https://www.bilibili.com/video/BV166bE6fEsr?t=15085.0,https://www.bilibili.com/video/BV166bE6fEsr?t=15268.6
202607,与你相恋到生命尽头,1,,2026-06-23 09：00：00,【泛式∕录播】2026年7月新番茶话会,541285,1,01:40:55.200,01:48:13.000,https://www.bilibili.com/video/BV1Kk7u67EMZ?t=6055.2,https://www.bilibili.com/video/BV1Kk7u67EMZ?t=6493.0
202607,与你相恋到生命尽头,2,,2026-06-29 00：52：43,【泛式∕录播】别当兄弟了,541285,1,01:17:04.800,01:18:22.700,https://www.bilibili.com/video/BV1tUTK6JEKi?t=4624.8,https://www.bilibili.com/video/BV1tUTK6JEKi?t=4702.7
202607,与你相恋到生命尽头,3,,2026-07-19 09：00：00,【泛式∕录播】最享受下播番之人,541285,1,03:31:37.700,03:31:45.200,https://www.bilibili.com/video/BV1XhKT6dEFK?t=12697.7,https://www.bilibili.com/video/BV1XhKT6dEFK?t=12705.2
202607,与你相恋到生命尽头,4,,2026-07-26 14：41：47,【泛式∕录播】炒完这盘就去死,541285,2,01:55:48.400,02:06:55.100,https://www.bilibili.com/video/BV1VS3j6PEic?t=6948.4&p=2,https://www.bilibili.com/video/BV1VS3j6PEic?t=7615.1&p=2
202607,与你相恋到生命尽头,5,,2026-09-06 09：00：00,【泛式∕录播】2026年7月新番OP∕ED鉴赏会,541285,1,02:32:25.900,02:37:04.300,https://www.bilibili.com/video/BV166bE6fEsr?t=9145.9,https://www.bilibili.com/video/BV166bE6fEsr?t=9424.3
202607,不虐待我的继母与继姐,1,,2026-09-06 09：00：00,【泛式∕录播】2026年7月新番OP∕ED鉴赏会,572613,1,04:27:20.600,04:30:21.600,https://www.bilibili.com/video/BV166bE6fEsr?t=16040.6,https://www.bilibili.com/video/BV166bE6fEsr?t=16221.6
202607,『你们先走我断后』，于是10年后我成为了传说,1,,2026-09-06 09：00：00,【泛式∕录播】2026年7月新番OP∕ED鉴赏会,590786,1,03:55:15.000,03:58:19.200,https://www.bilibili.com/video/BV166bE6fEsr?t=14115.0,https://www.bilibili.com/video/BV166bE6fEsr?t=14299.2
202607,THE WORLD IS DANCING 世界在起舞,1,,2026-06-23 09：00：00,【泛式∕录播】2026年7月新番茶话会,622633,1,01:38:39.000,01:40:55.200,https://www.bilibili.com/video/BV1Kk7u67EMZ?t=5919.0,https://www.bilibili.com/video/BV1Kk7u67EMZ?t=6055.2
202607,THE WORLD IS DANCING 世界在起舞,2,遮挡,2026-07-12 20：48：28,【泛式∕录播】令人畏惧的26年7月新番,622633,1,02:08:45.700,02:21:49.000,https://www.bilibili.com/video/BV1rLNG6JE9G?t=7725.7,https://www.bilibili.com/video/BV1rLNG6JE9G?t=8509.0
202607,THE WORLD IS DANCING 世界在起舞,3,,2026-07-26 14：41：47,【泛式∕录播】炒完这盘就去死,622633,2,00:13:00.700,00:17:47.300,https://www.bilibili.com/video/BV1VS3j6PEic?t=780.7&p=2,https://www.bilibili.com/video/BV1VS3j6PEic?t=1067.3&p=2
202607,THE WORLD IS DANCING 世界在起舞,4,,2026-09-06 09：00：00,【泛式∕录播】2026年7月新番OP∕ED鉴赏会,622633,1,01:05:53.400,01:09:49.200,https://www.bilibili.com/video/BV166bE6fEsr?t=3953.4,https://www.bilibili.com/video/BV166bE6fEsr?t=4189.2
202607,Re：从零开始的异世界生活 第四季 夺还篇,1,,2026-08-23 09：00：00,【泛式∕录播】认真看我妈的童年,633836,1,03:48:28.700,03:57:40.000,https://www.bilibili.com/video/BV14p8p6DEKC?t=13708.7,https://www.bilibili.com/video/BV14p8p6DEKC?t=14260.0
202607,Let's Go 怪奇组,1,,2026-09-06 09：00：00,【泛式∕录播】2026年7月新番OP∕ED鉴赏会,595106,1,04:17:49.200,04:20:53.500,https://www.bilibili.com/video/BV166bE6fEsr?t=15469.2,https://www.bilibili.com/video/BV166bE6fEsr?t=15653.5
202607,LV999的村民,1,,2026-09-06 09：00：00,【泛式∕录播】2026年7月新番OP∕ED鉴赏会,579787,1,03:44:55.000,03:48:02.000,https://www.bilibili.com/video/BV166bE6fEsr?t=13495.0,https://www.bilibili.com/video/BV166bE6fEsr?t=13682.0
202607,Grow Up Show ～向日葵马戏团～,1,,2026-06-23 09：00：00,【泛式∕录播】2026年7月新番茶话会,570583,1,02:02:06.800,02:08:20.600,https://www.bilibili.com/video/BV1Kk7u67EMZ?t=7326.8,https://www.bilibili.com/video/BV1Kk7u67EMZ?t=7700.6
202607,Grow Up Show ～向日葵马戏团～,2,,2026-07-12 20：48：28,【泛式∕录播】令人畏惧的26年7月新番,570583,1,01:03:57.100,01:32:22.100,https://www.bilibili.com/video/BV1rLNG6JE9G?t=3837.1,https://www.bilibili.com/video/BV1rLNG6JE9G?t=5542.1
202607,Grow Up Show ～向日葵马戏团～,3,,2026-07-19 09：00：00,【泛式∕录播】最享受下播番之人,570583,1,03:06:52.600,03:16:57.400,https://www.bilibili.com/video/BV1XhKT6dEFK?t=11212.6,https://www.bilibili.com/video/BV1XhKT6dEFK?t=11817.4
202607,Grow Up Show ～向日葵马戏团～,4,,2026-07-26 14：41：47,【泛式∕录播】炒完这盘就去死,570583,2,00:01:59.200,00:13:00.700,https://www.bilibili.com/video/BV1VS3j6PEic?t=119.2&p=2,https://www.bilibili.com/video/BV1VS3j6PEic?t=780.7&p=2
202607,Grow Up Show ～向日葵马戏团～,5,,2026-07-26 14：41：47,【泛式∕录播】炒完这盘就去死,570583,2,00:17:47.300,00:21:16.800,https://www.bilibili.com/video/BV1VS3j6PEic?t=1067.3&p=2,https://www.bilibili.com/video/BV1VS3j6PEic?t=1276.8&p=2
202607,Grow Up Show ～向日葵马戏团～,6,,2026-08-02 09：00：00,【泛式∕录播】《全缺。》,570583,1,03:40:30.000,03:44:36.200,https://www.bilibili.com/video/BV1Yb3S6dEs9?t=13230.0,https://www.bilibili.com/video/BV1Yb3S6dEs9?t=13476.2
202607,Grow Up Show ～向日葵马戏团～,7,,2026-08-02 09：00：00,【泛式∕录播】《全缺。》,570583,2,00:00:00.600,00:05:37.500,https://www.bilibili.com/video/BV1Yb3S6dEs9?t=0.6&p=2,https://www.bilibili.com/video/BV1Yb3S6dEs9?t=337.5&p=2
202607,Grow Up Show ～向日葵马戏团～,8,,2026-08-09 12：05：16,【泛式∕录播】爱撒娇的人最好命,570583,1,00:49:09.800,00:58:03.700,https://www.bilibili.com/video/BV1bfuL6nEhn?t=2949.8,https://www.bilibili.com/video/BV1bfuL6nEhn?t=3483.7
202607,Grow Up Show ～向日葵马戏团～,9,,2026-08-16 09：00：00,【泛式∕录播】却道天凉好个秋,570583,1,01:10:40.100,01:26:55.800,https://www.bilibili.com/video/BV1XWb16sEkb?t=4240.1,https://www.bilibili.com/video/BV1XWb16sEkb?t=5215.8
202607,Grow Up Show ～向日葵马戏团～,10,,2026-08-23 09：00：00,【泛式∕录播】认真看我妈的童年,570583,1,03:19:47.900,03:48:28.700,https://www.bilibili.com/video/BV14p8p6DEKC?t=11987.9,https://www.bilibili.com/video/BV14p8p6DEKC?t=13708.7
202607,Grow Up Show ～向日葵马戏团～,11,,2026-08-30 09：00：00,【泛式∕录播】冷傲风纪黑长直＜短发波波头,570583,1,02:38:15.700,03:06:21.400,https://www.bilibili.com/video/BV1EZ426PEBY?t=9495.7,https://www.bilibili.com/video/BV1EZ426PEBY?t=11181.4
202607,Grow Up Show ～向日葵马戏团～,12,,2026-09-06 09：00：00,【泛式∕录播】2026年7月新番OP∕ED鉴赏会,570583,1,02:23:39.600,02:27:24.800,https://www.bilibili.com/video/BV166bE6fEsr?t=8619.6,https://www.bilibili.com/video/BV166bE6fEsr?t=8844.8
202607,Clevatess II-魔兽之王与虚假的勇者传承-,1,,2026-09-06 09：00：00,【泛式∕录播】2026年7月新番OP∕ED鉴赏会,585820,1,03:20:35.400,03:24:58.200,https://www.bilibili.com/video/BV166bE6fEsr?t=12035.4,https://www.bilibili.com/video/BV166bE6fEsr?t=12298.2
202607,BanG Dream! YUME∞MITA,1,,2026-06-23 09：00：00,【泛式∕录播】2026年7月新番茶话会,583729,1,01:48:13.000,01:53:24.100,https://www.bilibili.com/video/BV1Kk7u67EMZ?t=6493.0,https://www.bilibili.com/video/BV1Kk7u67EMZ?t=6804.1
202607,BanG Dream! YUME∞MITA,2,遮挡,2026-07-05 09：00：00,【泛式∕录播】喜欢看这种残血带点虚弱的人类形象,583729,1,01:39:57.500,02:20:49.000,https://www.bilibili.com/video/BV1v6MN6fE3f?t=5997.5,https://www.bilibili.com/video/BV1v6MN6fE3f?t=8449.0
202607,BanG Dream! YUME∞MITA,3,遮挡,2026-07-12 20：48：28,【泛式∕录播】令人畏惧的26年7月新番,583729,1,02:21:49.000,03:01:28.800,https://www.bilibili.com/video/BV1rLNG6JE9G?t=8509.0,https://www.bilibili.com/video/BV1rLNG6JE9G?t=10888.8
202607,BanG Dream! YUME∞MITA,4,遮挡,2026-07-19 09：00：00,【泛式∕录播】最享受下播番之人,583729,1,01:23:48.300,02:14:29.200,https://www.bilibili.com/video/BV1XhKT6dEFK?t=5028.3,https://www.bilibili.com/video/BV1XhKT6dEFK?t=8069.2
202607,BanG Dream! YUME∞MITA,5,,2026-07-19 09：00：00,【泛式∕录播】最享受下播番之人,583729,1,04:03:13.500,04:04:16.300,https://www.bilibili.com/video/BV1XhKT6dEFK?t=14593.5,https://www.bilibili.com/video/BV1XhKT6dEFK?t=14656.3
202607,BanG Dream! YUME∞MITA,6,,2026-07-19 09：00：00,【泛式∕录播】最享受下播番之人,583729,1,04:34:12.200,04:34:34.200,https://www.bilibili.com/video/BV1XhKT6dEFK?t=16452.2,https://www.bilibili.com/video/BV1XhKT6dEFK?t=16474.2
202607,BanG Dream! YUME∞MITA,7,遮挡,2026-07-26 14：41：47,【泛式∕录播】炒完这盘就去死,583729,2,00:21:32.000,00:56:39.600,https://www.bilibili.com/video/BV1VS3j6PEic?t=1292.0&p=2,https://www.bilibili.com/video/BV1VS3j6PEic?t=3399.6&p=2
202607,BanG Dream! YUME∞MITA,8,遮挡,2026-08-02 09：00：00,【泛式∕录播】《全缺。》,583729,1,01:04:30.000,02:11:07.600,https://www.bilibili.com/video/BV1Yb3S6dEs9?t=3870.0,https://www.bilibili.com/video/BV1Yb3S6dEs9?t=7867.6
202607,BanG Dream! YUME∞MITA,9,,2026-08-02 09：00：00,【泛式∕录播】《全缺。》,583729,2,00:12:45.200,00:14:15.100,https://www.bilibili.com/video/BV1Yb3S6dEs9?t=765.2&p=2,https://www.bilibili.com/video/BV1Yb3S6dEs9?t=855.1&p=2
202607,BanG Dream! YUME∞MITA,10,,2026-08-02 09：00：00,【泛式∕录播】《全缺。》,583729,2,00:25:48.800,00:27:38.300,https://www.bilibili.com/video/BV1Yb3S6dEs9?t=1548.8&p=2,https://www.bilibili.com/video/BV1Yb3S6dEs9?t=1658.3&p=2
202607,BanG Dream! YUME∞MITA,11,遮挡,2026-08-09 12：05：16,【泛式∕录播】爱撒娇的人最好命,583729,1,01:16:10.500,02:25:13.900,https://www.bilibili.com/video/BV1bfuL6nEhn?t=4570.5,https://www.bilibili.com/video/BV1bfuL6nEhn?t=8713.9
202607,BanG Dream! YUME∞MITA,12,,2026-08-09 12：05：16,【泛式∕录播】爱撒娇的人最好命,583729,1,02:38:12.700,02:39:17.300,https://www.bilibili.com/video/BV1bfuL6nEhn?t=9492.7,https://www.bilibili.com/video/BV1bfuL6nEhn?t=9557.3
202607,BanG Dream! YUME∞MITA,13,遮挡,2026-08-16 09：00：00,【泛式∕录播】却道天凉好个秋,583729,1,01:27:00.100,02:22:17.000,https://www.bilibili.com/video/BV1XWb16sEkb?t=5220.1,https://www.bilibili.com/video/BV1XWb16sEkb?t=8537.0
202607,BanG Dream! YUME∞MITA,14,遮挡,2026-08-23 09：00：00,【泛式∕录播】认真看我妈的童年,583729,1,01:17:40.000,02:26:40.500,https://www.bilibili.com/video/BV14p8p6DEKC?t=4660.0,https://www.bilibili.com/video/BV14p8p6DEKC?t=8800.5
202607,BanG Dream! YUME∞MITA,15,遮挡,2026-08-30 09：00：00,【泛式∕录播】冷傲风纪黑长直＜短发波波头,583729,1,01:07:00.700,01:37:25.400,https://www.bilibili.com/video/BV1EZ426PEBY?t=4020.7,https://www.bilibili.com/video/BV1EZ426PEBY?t=5845.4
202607,BanG Dream! YUME∞MITA,16,遮挡,2026-09-06 09：00：00,【泛式∕录播】2026年7月新番OP∕ED鉴赏会,583729,1,01:38:00.000,02:00:22.200,https://www.bilibili.com/video/BV166bE6fEsr?t=5880.0,https://www.bilibili.com/video/BV166bE6fEsr?t=7222.2
202607,BanG Dream! YUME∞MITA,17,,2026-09-06 09：00：00,【泛式∕录播】2026年7月新番OP∕ED鉴赏会,583729,1,02:15:41.000,02:20:03.800,https://www.bilibili.com/video/BV166bE6fEsr?t=8141.0,https://www.bilibili.com/video/BV166bE6fEsr?t=8403.8
202604,黑猫与魔女的教室,1,,2026-03-24 11：31：13,【泛式∕录播】2026年4月新番茶话会,576351,1,02:35:18.000,02:40:34.200,https://www.bilibili.com/video/BV1YbXwBdEAf?t=9318.0,https://www.bilibili.com/video/BV1YbXwBdEAf?t=9634.2
202604,黑猫与魔女的教室,2,,2026-05-17 09：00：00,【泛式∕录播】最黏住的直播间,576351,1,02:46:25.500,02:52:15.600,https://www.bilibili.com/video/BV1LLLL6GEhC?t=9985.5,https://www.bilibili.com/video/BV1LLLL6GEhC?t=10335.6
202604,黑猫与魔女的教室,3,,2026-05-30 09：00：00,【泛式∕录播】2026年4月新番OP∕ED鉴赏会,576351,1,00:31:15.200,00:34:35.200,https://www.bilibili.com/video/BV1jWVu6RERF?t=1875.2,https://www.bilibili.com/video/BV1jWVu6RERF?t=2075.2
202604,黄泉使者,1,,2026-04-19 09：00：00,【泛式∕录播】我姑且也是一个录播组,568572,1,01:24:17.300,01:42:10.700,https://www.bilibili.com/video/BV1zydxBCEsg?t=5057.3,https://www.bilibili.com/video/BV1zydxBCEsg?t=6130.7
202604,黄泉使者,2,,2026-05-17 09：00：00,【泛式∕录播】最黏住的直播间,568572,1,02:05:41.800,02:15:06.500,https://www.bilibili.com/video/BV1LLLL6GEhC?t=7541.8,https://www.bilibili.com/video/BV1LLLL6GEhC?t=8106.5
202604,黄泉使者,3,,2026-05-30 09：00：00,【泛式∕录播】2026年4月新番OP∕ED鉴赏会,568572,1,02:19:25.300,02:23:00.300,https://www.bilibili.com/video/BV1jWVu6RERF?t=8365.3,https://www.bilibili.com/video/BV1jWVu6RERF?t=8580.3
202604,黄泉使者,4,,2026-09-06 09：00：00,【泛式∕录播】2026年7月新番OP∕ED鉴赏会,568572,1,00:26:14.100,00:30:51.500,https://www.bilibili.com/video/BV166bE6fEsr?t=1574.1,https://www.bilibili.com/video/BV166bE6fEsr?t=1851.5
202604,魔法姐妹露露特莉莉,1,,2026-05-30 09：00：00,【泛式∕录播】2026年4月新番OP∕ED鉴赏会,501796,1,03:37:00.300,03:40:15.500,https://www.bilibili.com/video/BV1jWVu6RERF?t=13020.3,https://www.bilibili.com/video/BV1jWVu6RERF?t=13215.5
202604,飙马野郎 JOJO的奇妙冒险 第一赛段,1,,2026-03-08 10：17：40,【泛式∕录播】正相反的羽绒服与我,551918,1,00:44:21.900,00:46:24.700,https://www.bilibili.com/video/BV1y5NTz9Eh1?t=2661.9,https://www.bilibili.com/video/BV1y5NTz9Eh1?t=2784.7
202604,飙马野郎 JOJO的奇妙冒险 第一赛段,2,,2026-03-15 09：00：00,【泛式∕录播】我为看周六杂谈而喜悦,551918,1,01:12:01.400,01:15:33.200,https://www.bilibili.com/video/BV1xgwazXEZj?t=4321.4,https://www.bilibili.com/video/BV1xgwazXEZj?t=4533.2
202604,飙马野郎 JOJO的奇妙冒险 第一赛段,3,,2026-03-22 09：09：36,【泛式∕录播】直播真简单啊,551918,1,00:54:21.100,01:15:21.900,https://www.bilibili.com/video/BV1EtAKzuEyr?t=3261.1,https://www.bilibili.com/video/BV1EtAKzuEyr?t=4521.9
202604,雾尾粉丝后援会,1,,2026-03-24 11：31：13,【泛式∕录播】2026年4月新番茶话会,513208,1,03:12:22.300,03:16:38.200,https://www.bilibili.com/video/BV1YbXwBdEAf?t=11542.3,https://www.bilibili.com/video/BV1YbXwBdEAf?t=11798.2
202604,雾尾粉丝后援会,2,,2026-04-12 09：00：00,【泛式∕录播】风味啥是给,513208,1,03:20:51.100,03:37:23.500,https://www.bilibili.com/video/BV1Q9D1B6E6W?t=12051.1,https://www.bilibili.com/video/BV1Q9D1B6E6W?t=13043.5
202604,雾尾粉丝后援会,3,,2026-05-10 09：00：00,【泛式∕录播】千岁百岁十岁直播间,513208,1,01:24:23.100,01:55:11.900,https://www.bilibili.com/video/BV1pnRRBfEua?t=5063.1,https://www.bilibili.com/video/BV1pnRRBfEua?t=6911.9
202604,雾尾粉丝后援会,4,,2026-05-24 09：00：00,【泛式∕录播】写作动画读作GAL的杂谈回,513208,1,01:53:39.100,01:56:00.000,https://www.bilibili.com/video/BV1nsGz6kEwo?t=6819.1,https://www.bilibili.com/video/BV1nsGz6kEwo?t=6960.0
202604,雾尾粉丝后援会,5,,2026-05-30 09：00：00,【泛式∕录播】2026年4月新番OP∕ED鉴赏会,513208,1,00:41:41.600,00:45:01.700,https://www.bilibili.com/video/BV1jWVu6RERF?t=2501.6,https://www.bilibili.com/video/BV1jWVu6RERF?t=2701.7
202604,雾尾粉丝后援会,6,,2026-06-07 09：00：00,【泛式∕录播】真看起来我就会搞错,513208,1,01:39:56.800,01:51:18.900,https://www.bilibili.com/video/BV1jmEn6iEkk?t=5996.8,https://www.bilibili.com/video/BV1jmEn6iEkk?t=6678.9
202604,雾尾粉丝后援会,7,,2026-06-29 00：52：43,【泛式∕录播】别当兄弟了,513208,1,00:44:56.600,01:08:30.400,https://www.bilibili.com/video/BV1tUTK6JEKi?t=2696.6,https://www.bilibili.com/video/BV1tUTK6JEKi?t=4110.4
202604,钻石王牌 act2 第二季,1,,2026-05-30 09：00：00,【泛式∕录播】2026年4月新番OP∕ED鉴赏会,495238,1,03:31:40.400,03:35:25.400,https://www.bilibili.com/video/BV1jWVu6RERF?t=12700.4,https://www.bilibili.com/video/BV1jWVu6RERF?t=12925.4
202604,迦楠大人的白给是恶魔级,1,,2026-03-24 11：31：13,【泛式∕录播】2026年4月新番茶话会,552589,1,02:47:56.500,02:54:08.300,https://www.bilibili.com/video/BV1YbXwBdEAf?t=10076.5,https://www.bilibili.com/video/BV1YbXwBdEAf?t=10448.3
202604,迦楠大人的白给是恶魔级,2,,2026-04-26 09：00：00,【泛式∕录播】闭关前，杂谈一会儿,552589,1,03:26:33.800,03:33:01.100,https://www.bilibili.com/video/BV1B4odBhEBY?t=12393.8,https://www.bilibili.com/video/BV1B4odBhEBY?t=12781.1
202604,迦楠大人的白给是恶魔级,3,,2026-05-30 09：00：00,【泛式∕录播】2026年4月新番OP∕ED鉴赏会,552589,1,01:07:45.800,01:10:55.700,https://www.bilibili.com/video/BV1jWVu6RERF?t=4065.8,https://www.bilibili.com/video/BV1jWVu6RERF?t=4255.7
202604,迦楠大人的白给是恶魔级,4,,2026-07-12 20：48：28,【泛式∕录播】令人畏惧的26年7月新番,552589,1,00:32:05.000,00:42:56.100,https://www.bilibili.com/video/BV1rLNG6JE9G?t=1925.0,https://www.bilibili.com/video/BV1rLNG6JE9G?t=2576.1
202604,轮回的花瓣,1,,2026-03-24 11：31：13,【泛式∕录播】2026年4月新番茶话会,506149,1,03:16:38.200,03:21:58.200,https://www.bilibili.com/video/BV1YbXwBdEAf?t=11798.2,https://www.bilibili.com/video/BV1YbXwBdEAf?t=12118.2
202604,轮回的花瓣,2,,2026-05-30 09：00：00,【泛式∕录播】2026年4月新番OP∕ED鉴赏会,506149,1,03:05:00.500,03:08:20.700,https://www.bilibili.com/video/BV1jWVu6RERF?t=11100.5,https://www.bilibili.com/video/BV1jWVu6RERF?t=11300.7
202604,转生成自动贩卖机的我今天也在迷宫徘徊 第三季,1,,2026-05-30 09：00：00,【泛式∕录播】2026年4月新番OP∕ED鉴赏会,585790,1,02:48:15.500,02:51:40.600,https://www.bilibili.com/video/BV1jWVu6RERF?t=10095.5,https://www.bilibili.com/video/BV1jWVu6RERF?t=10300.6
202604,身为悲剧始作俑者的最强邪恶BOSS女王为民竭心尽力。 第二季,1,,2026-05-30 09：00：00,【泛式∕录播】2026年4月新番OP∕ED鉴赏会,567234,1,03:48:25.500,03:51:40.300,https://www.bilibili.com/video/BV1jWVu6RERF?t=13705.5,https://www.bilibili.com/video/BV1jWVu6RERF?t=13900.3
202604,蒲公英,1,,2026-05-30 09：00：00,【泛式∕录播】2026年4月新番OP∕ED鉴赏会,631963,1,02:59:00.400,03:00:40.600,https://www.bilibili.com/video/BV1jWVu6RERF?t=10740.4,https://www.bilibili.com/video/BV1jWVu6RERF?t=10840.6
202604,落语朱音,1,,2026-03-22 09：09：36,【泛式∕录播】直播真简单啊,576121,1,02:55:57.100,02:56:09.600,https://www.bilibili.com/video/BV1EtAKzuEyr?t=10557.1,https://www.bilibili.com/video/BV1EtAKzuEyr?t=10569.6
202604,落语朱音,2,,2026-03-24 11：31：13,【泛式∕录播】2026年4月新番茶话会,576121,1,01:39:16.200,01:48:11.100,https://www.bilibili.com/video/BV1YbXwBdEAf?t=5956.2,https://www.bilibili.com/video/BV1YbXwBdEAf?t=6491.1
202604,落语朱音,3,,2026-04-12 09：00：00,【泛式∕录播】风味啥是给,576121,1,01:48:18.300,02:08:14.200,https://www.bilibili.com/video/BV1Q9D1B6E6W?t=6498.3,https://www.bilibili.com/video/BV1Q9D1B6E6W?t=7694.2
202604,落语朱音,4,,2026-05-30 09：00：00,【泛式∕录播】2026年4月新番OP∕ED鉴赏会,576121,1,02:15:40.300,02:19:25.300,https://www.bilibili.com/video/BV1jWVu6RERF?t=8140.3,https://www.bilibili.com/video/BV1jWVu6RERF?t=8365.3
202604,落语朱音,5,,2026-06-14 09：00：00,【泛式∕录播】但是梅莉真可爱啊,576121,1,02:04:09.800,02:30:29.500,https://www.bilibili.com/video/BV1BfJW6UEKM?t=7449.8,https://www.bilibili.com/video/BV1BfJW6UEKM?t=9029.5
202604,茉莉花酱的好感度正在崩坏,1,,2026-03-22 09：09：36,【泛式∕录播】直播真简单啊,609183,1,02:52:19.900,02:54:06.900,https://www.bilibili.com/video/BV1EtAKzuEyr?t=10339.9,https://www.bilibili.com/video/BV1EtAKzuEyr?t=10446.9
202604,茉莉花酱的好感度正在崩坏,2,,2026-03-24 11：31：13,【泛式∕录播】2026年4月新番茶话会,609183,1,02:10:14.200,02:12:43.200,https://www.bilibili.com/video/BV1YbXwBdEAf?t=7814.2,https://www.bilibili.com/video/BV1YbXwBdEAf?t=7963.2
202604,茉莉花酱的好感度正在崩坏,3,,2026-05-30 09：00：00,【泛式∕录播】2026年4月新番OP∕ED鉴赏会,609183,1,03:41:55.800,03:45:05.500,https://www.bilibili.com/video/BV1jWVu6RERF?t=13315.8,https://www.bilibili.com/video/BV1jWVu6RERF?t=13505.5
202604,自称恶役大小姐的婚约者观察记录。,1,,2026-05-30 09：00：00,【泛式∕录播】2026年4月新番OP∕ED鉴赏会,558088,1,03:15:00.300,03:18:30.600,https://www.bilibili.com/video/BV1jWVu6RERF?t=11700.3,https://www.bilibili.com/video/BV1jWVu6RERF?t=11910.6
202604,自称恶役大小姐的婚约者观察记录。,2,,2026-06-07 09：00：00,【泛式∕录播】真看起来我就会搞错,558088,1,03:06:49.300,03:39:27.400,https://www.bilibili.com/video/BV1jmEn6iEkk?t=11209.3,https://www.bilibili.com/video/BV1jmEn6iEkk?t=13167.4
202604,租借女友 第五季,1,,2026-05-30 09：00：00,【泛式∕录播】2026年4月新番OP∕ED鉴赏会,533027,1,00:38:15.400,00:41:41.600,https://www.bilibili.com/video/BV1jWVu6RERF?t=2295.4,https://www.bilibili.com/video/BV1jWVu6RERF?t=2501.6
202604,神之水滴,1,,2026-05-30 09：00：00,【泛式∕录播】2026年4月新番OP∕ED鉴赏会,609175,1,00:34:35.200,00:38:15.400,https://www.bilibili.com/video/BV1jWVu6RERF?t=2075.2,https://www.bilibili.com/video/BV1jWVu6RERF?t=2295.4
202604,神之水滴,2,,2026-09-06 09：00：00,【泛式∕录播】2026年7月新番OP∕ED鉴赏会,609175,1,04:36:40.100,04:39:45.900,https://www.bilibili.com/video/BV166bE6fEsr?t=16600.1,https://www.bilibili.com/video/BV166bE6fEsr?t=16785.9
202604,石纪元 科学与未来 第3部分,1,,2026-03-24 11：31：13,【泛式∕录播】2026年4月新番茶话会,508004,1,00:16:58.200,00:25:07.100,https://www.bilibili.com/video/BV1YbXwBdEAf?t=1018.2,https://www.bilibili.com/video/BV1YbXwBdEAf?t=1507.1
202604,石纪元 科学与未来 第3部分,2,,2026-05-30 09：00：00,【泛式∕录播】2026年4月新番OP∕ED鉴赏会,508004,1,01:14:11.000,01:18:10.800,https://www.bilibili.com/video/BV1jWVu6RERF?t=4451.0,https://www.bilibili.com/video/BV1jWVu6RERF?t=4690.8
202604,百鬼夜行抄,1,,2026-05-30 09：00：00,【泛式∕录播】2026年4月新番OP∕ED鉴赏会,627137,1,03:57:50.400,03:58:21.600,https://www.bilibili.com/video/BV1jWVu6RERF?t=14270.4,https://www.bilibili.com/video/BV1jWVu6RERF?t=14301.6
202604,灰原同学重返过去，开启所向无敌的第二轮青春游戏,1,,2026-04-05 12：15：34,【泛式∕录播】羊尾憲輔嘻嘻,567418,1,00:54:34.300,01:15:11.500,https://www.bilibili.com/video/BV11kDgBwEWj?t=3274.3,https://www.bilibili.com/video/BV11kDgBwEWj?t=4511.5
202604,灰原同学重返过去，开启所向无敌的第二轮青春游戏,2,,2026-04-19 09：00：00,【泛式∕录播】我姑且也是一个录播组,567418,1,02:35:47.900,02:53:29.400,https://www.bilibili.com/video/BV1zydxBCEsg?t=9347.9,https://www.bilibili.com/video/BV1zydxBCEsg?t=10409.4
202604,灰原同学重返过去，开启所向无敌的第二轮青春游戏,3,,2026-04-26 09：00：00,【泛式∕录播】闭关前，杂谈一会儿,567418,1,01:10:35.300,01:25:28.100,https://www.bilibili.com/video/BV1B4odBhEBY?t=4235.3,https://www.bilibili.com/video/BV1B4odBhEBY?t=5128.1
202604,灰原同学重返过去，开启所向无敌的第二轮青春游戏,4,,2026-05-10 09：00：00,【泛式∕录播】千岁百岁十岁直播间,567418,1,03:06:37.300,03:17:19.600,https://www.bilibili.com/video/BV1pnRRBfEua?t=11197.3,https://www.bilibili.com/video/BV1pnRRBfEua?t=11839.6
202604,灰原同学重返过去，开启所向无敌的第二轮青春游戏,5,,2026-05-24 09：00：00,【泛式∕录播】写作动画读作GAL的杂谈回,567418,1,02:35:53.900,02:38:41.400,https://www.bilibili.com/video/BV1nsGz6kEwo?t=9353.9,https://www.bilibili.com/video/BV1nsGz6kEwo?t=9521.4
202604,灰原同学重返过去，开启所向无敌的第二轮青春游戏,6,,2026-05-30 09：00：00,【泛式∕录播】2026年4月新番OP∕ED鉴赏会,567418,1,00:45:01.700,00:48:25.000,https://www.bilibili.com/video/BV1jWVu6RERF?t=2701.7,https://www.bilibili.com/video/BV1jWVu6RERF?t=2905.0
202604,灰原同学重返过去，开启所向无敌的第二轮青春游戏,7,,2026-06-07 09：00：00,【泛式∕录播】真看起来我就会搞错,567418,1,01:05:49.100,01:23:14.600,https://www.bilibili.com/video/BV1jmEn6iEkk?t=3949.1,https://www.bilibili.com/video/BV1jmEn6iEkk?t=4994.6
202604,灰原同学重返过去，开启所向无敌的第二轮青春游戏,8,,2026-07-05 09：00：00,【泛式∕录播】喜欢看这种残血带点虚弱的人类形象,567418,1,01:11:10.200,01:18:48.600,https://www.bilibili.com/video/BV1v6MN6fE3f?t=4270.2,https://www.bilibili.com/video/BV1v6MN6fE3f?t=4728.6
202604,淡岛百景,1,,2026-03-24 11：31：13,【泛式∕录播】2026年4月新番茶话会,493724,1,02:28:48.200,02:31:56.800,https://www.bilibili.com/video/BV1YbXwBdEAf?t=8928.2,https://www.bilibili.com/video/BV1YbXwBdEAf?t=9116.8
202604,淡岛百景,2,,2026-04-19 09：00：00,【泛式∕录播】我姑且也是一个录播组,493724,1,03:34:07.900,03:34:43.600,https://www.bilibili.com/video/BV1zydxBCEsg?t=12847.9,https://www.bilibili.com/video/BV1zydxBCEsg?t=12883.6
202604,淡岛百景,3,,2026-04-26 09：00：00,【泛式∕录播】闭关前，杂谈一会儿,493724,1,02:11:51.800,02:38:15.600,https://www.bilibili.com/video/BV1B4odBhEBY?t=7911.8,https://www.bilibili.com/video/BV1B4odBhEBY?t=9495.6
202604,淡岛百景,4,,2026-05-17 09：00：00,【泛式∕录播】最黏住的直播间,493724,1,01:20:27.200,01:34:14.700,https://www.bilibili.com/video/BV1LLLL6GEhC?t=4827.2,https://www.bilibili.com/video/BV1LLLL6GEhC?t=5654.7
202604,淡岛百景,5,,2026-05-30 09：00：00,【泛式∕录播】2026年4月新番OP∕ED鉴赏会,493724,1,02:54:50.300,02:59:00.400,https://www.bilibili.com/video/BV1jWVu6RERF?t=10490.3,https://www.bilibili.com/video/BV1jWVu6RERF?t=10740.4
202604,淡岛百景,6,,2026-06-07 09：00：00,【泛式∕录播】真看起来我就会搞错,493724,1,01:51:17.100,01:56:48.600,https://www.bilibili.com/video/BV1jmEn6iEkk?t=6677.1,https://www.bilibili.com/video/BV1jmEn6iEkk?t=7008.6
202604,淡岛百景,7,,2026-06-07 09：00：00,【泛式∕录播】真看起来我就会搞错,493724,1,03:39:50.900,04:06:52.900,https://www.bilibili.com/video/BV1jmEn6iEkk?t=13190.9,https://www.bilibili.com/video/BV1jmEn6iEkk?t=14812.9
202604,淡岛百景,8,,2026-07-05 09：00：00,【泛式∕录播】喜欢看这种残血带点虚弱的人类形象,493724,1,00:23:25.600,00:29:29.600,https://www.bilibili.com/video/BV1v6MN6fE3f?t=1405.6,https://www.bilibili.com/video/BV1v6MN6fE3f?t=1769.6
202604,没有辣妹会对阿宅温柔!？,1,,2026-03-24 11：31：13,【泛式∕录播】2026年4月新番茶话会,590393,1,01:06:49.200,01:14:35.200,https://www.bilibili.com/video/BV1YbXwBdEAf?t=4009.2,https://www.bilibili.com/video/BV1YbXwBdEAf?t=4475.2
202604,没有辣妹会对阿宅温柔!？,2,,2026-05-30 09：00：00,【泛式∕录播】2026年4月新番OP∕ED鉴赏会,590393,1,00:12:15.800,00:16:55.000,https://www.bilibili.com/video/BV1jWVu6RERF?t=735.8,https://www.bilibili.com/video/BV1jWVu6RERF?t=1015.0
202604,欺诈游戏,1,,2026-03-24 11：31：13,【泛式∕录播】2026年4月新番茶话会,580133,1,00:40:58.300,00:51:08.200,https://www.bilibili.com/video/BV1YbXwBdEAf?t=2458.3,https://www.bilibili.com/video/BV1YbXwBdEAf?t=3068.2
202604,欺诈游戏,2,,2026-05-10 09：00：00,【泛式∕录播】千岁百岁十岁直播间,580133,1,01:55:11.900,02:06:14.700,https://www.bilibili.com/video/BV1pnRRBfEua?t=6911.9,https://www.bilibili.com/video/BV1pnRRBfEua?t=7574.7
202604,欺诈游戏,3,,2026-05-30 09：00：00,【泛式∕录播】2026年4月新番OP∕ED鉴赏会,580133,1,01:35:00.900,01:39:36.200,https://www.bilibili.com/video/BV1jWVu6RERF?t=5700.9,https://www.bilibili.com/video/BV1jWVu6RERF?t=5976.2
202604,欺诈游戏,4,,2026-08-30 09：00：00,【泛式∕录播】冷傲风纪黑长直＜短发波波头,580133,1,00:32:00.600,00:33:55.400,https://www.bilibili.com/video/BV1EZ426PEBY?t=1920.6,https://www.bilibili.com/video/BV1EZ426PEBY?t=2035.4
202604,欺诈游戏,5,,2026-09-06 09：00：00,【泛式∕录播】2026年7月新番OP∕ED鉴赏会,580133,1,00:22:32.800,00:26:02.100,https://www.bilibili.com/video/BV166bE6fEsr?t=1352.8,https://www.bilibili.com/video/BV166bE6fEsr?t=1562.1
202604,欢迎来到实力至上主义的教室 第四季,1,,2026-04-05 12：15：34,【泛式∕录播】羊尾憲輔嘻嘻,510710,1,00:44:59.200,00:55:24.200,https://www.bilibili.com/video/BV11kDgBwEWj?t=2699.2,https://www.bilibili.com/video/BV11kDgBwEWj?t=3324.2
202604,欢迎来到实力至上主义的教室 第四季,2,,2026-05-24 09：00：00,【泛式∕录播】写作动画读作GAL的杂谈回,510710,1,01:41:33.600,01:44:05.100,https://www.bilibili.com/video/BV1nsGz6kEwo?t=6093.6,https://www.bilibili.com/video/BV1nsGz6kEwo?t=6245.1
202604,欢迎来到实力至上主义的教室 第四季,3,,2026-05-30 09：00：00,【泛式∕录播】2026年4月新番OP∕ED鉴赏会,510710,1,01:18:10.800,01:22:06.000,https://www.bilibili.com/video/BV1jWVu6RERF?t=4690.8,https://www.bilibili.com/video/BV1jWVu6RERF?t=4926.0
202604,欢迎来到实力至上主义的教室 第四季,4,,2026-06-21 13：53：11,【泛式∕录播】回忆2016年4月，真拿你没办法~,510710,1,00:35:36.600,01:04:38.300,https://www.bilibili.com/video/BV1gajx6NERw?t=2136.6,https://www.bilibili.com/video/BV1gajx6NERw?t=3878.3
202604,欢迎来到实力至上主义的教室 第四季,5,,2026-07-05 09：00：00,【泛式∕录播】喜欢看这种残血带点虚弱的人类形象,510710,1,01:21:31.600,01:30:34.600,https://www.bilibili.com/video/BV1v6MN6fE3f?t=4891.6,https://www.bilibili.com/video/BV1v6MN6fE3f?t=5434.6
202604,楠木邸的神明庭院,1,,2026-05-30 09：00：00,【泛式∕录播】2026年4月新番OP∕ED鉴赏会,570584,1,00:24:20.600,00:28:00.100,https://www.bilibili.com/video/BV1jWVu6RERF?t=1460.6,https://www.bilibili.com/video/BV1jWVu6RERF?t=1680.1
202604,杖与剑的魔剑谭 第二季,1,,2026-05-17 09：00：00,【泛式∕录播】最黏住的直播间,515856,1,01:34:14.700,01:58:45.300,https://www.bilibili.com/video/BV1LLLL6GEhC?t=5654.7,https://www.bilibili.com/video/BV1LLLL6GEhC?t=7125.3
202604,杖与剑的魔剑谭 第二季,2,遮挡,2026-05-30 09：00：00,【泛式∕录播】2026年4月新番OP∕ED鉴赏会,515856,1,04:01:40.300,04:05:05.400,https://www.bilibili.com/video/BV1jWVu6RERF?t=14500.3,https://www.bilibili.com/video/BV1jWVu6RERF?t=14705.4
202604,杖与剑的魔剑谭 第二季,3,遮挡,2026-06-14 09：00：00,【泛式∕录播】但是梅莉真可爱啊,515856,1,03:08:36.400,03:30:16.700,https://www.bilibili.com/video/BV1BfJW6UEKM?t=11316.4,https://www.bilibili.com/video/BV1BfJW6UEKM?t=12616.7
202604,杖与剑的魔剑谭 第二季,4,遮挡,2026-06-21 13：53：11,【泛式∕录播】回忆2016年4月，真拿你没办法~,515856,1,01:04:38.300,01:05:20.600,https://www.bilibili.com/video/BV1gajx6NERw?t=3878.3,https://www.bilibili.com/video/BV1gajx6NERw?t=3920.6
202604,杖与剑的魔剑谭 第二季,5,遮挡,2026-06-29 00：52：43,【泛式∕录播】别当兄弟了,515856,1,02:09:20.400,02:33:08.400,https://www.bilibili.com/video/BV1tUTK6JEKi?t=7760.4,https://www.bilibili.com/video/BV1tUTK6JEKi?t=9188.4
202604,杖与剑的魔剑谭 第二季,6,遮挡,2026-07-05 09：00：00,【泛式∕录播】喜欢看这种残血带点虚弱的人类形象,515856,1,01:30:34.600,01:36:54.900,https://www.bilibili.com/video/BV1v6MN6fE3f?t=5434.6,https://www.bilibili.com/video/BV1v6MN6fE3f?t=5814.9
202604,杀手青春,1,,2026-03-22 09：09：36,【泛式∕录播】直播真简单啊,581284,1,02:58:24.700,03:01:01.400,https://www.bilibili.com/video/BV1EtAKzuEyr?t=10704.7,https://www.bilibili.com/video/BV1EtAKzuEyr?t=10861.4
202604,杀手青春,2,,2026-03-24 11：31：13,【泛式∕录播】2026年4月新番茶话会,581284,1,01:53:49.300,02:00:53.200,https://www.bilibili.com/video/BV1YbXwBdEAf?t=6829.3,https://www.bilibili.com/video/BV1YbXwBdEAf?t=7253.2
202604,杀手青春,3,,2026-05-03 10：19：54,【泛式∕录播】同龄人：看录播。我：看直播。就很...,581284,1,00:57:15.700,01:23:08.200,https://www.bilibili.com/video/BV1ox9dBnER1?t=3435.7,https://www.bilibili.com/video/BV1ox9dBnER1?t=4988.2
202604,杀手青春,4,,2026-05-30 09：00：00,【泛式∕录播】2026年4月新番OP∕ED鉴赏会,581284,1,01:04:21.400,01:07:45.800,https://www.bilibili.com/video/BV1jWVu6RERF?t=3861.4,https://www.bilibili.com/video/BV1jWVu6RERF?t=4065.8
202604,木头风纪委员和迷你裙JK的故事,1,,2026-05-03 10：19：54,【泛式∕录播】同龄人：看录播。我：看直播。就很...,551123,1,03:19:31.800,03:33:00.900,https://www.bilibili.com/video/BV1ox9dBnER1?t=11971.8,https://www.bilibili.com/video/BV1ox9dBnER1?t=12780.9
202604,木头风纪委员和迷你裙JK的故事,2,,2026-05-30 09：00：00,【泛式∕录播】2026年4月新番OP∕ED鉴赏会,551123,1,01:00:45.200,01:04:21.400,https://www.bilibili.com/video/BV1jWVu6RERF?t=3645.2,https://www.bilibili.com/video/BV1jWVu6RERF?t=3861.4
202604,木头风纪委员和迷你裙JK的故事,3,,2026-06-07 09：00：00,【泛式∕录播】真看起来我就会搞错,551123,1,01:29:19.200,01:34:25.100,https://www.bilibili.com/video/BV1jmEn6iEkk?t=5359.2,https://www.bilibili.com/video/BV1jmEn6iEkk?t=5665.1
202604,最强的职业不是勇者也不是贤者好像是鉴定士(伪)的样子？,1,,2026-05-30 09：00：00,【泛式∕录播】2026年4月新番OP∕ED鉴赏会,599171,1,02:44:51.000,02:48:15.500,https://www.bilibili.com/video/BV1jWVu6RERF?t=9891.0,https://www.bilibili.com/video/BV1jWVu6RERF?t=10095.5
202604,最强王者的第二人生 第二季,1,,2026-05-30 09：00：00,【泛式∕录播】2026年4月新番OP∕ED鉴赏会,565304,1,02:37:31.500,02:41:00.200,https://www.bilibili.com/video/BV1jWVu6RERF?t=9451.5,https://www.bilibili.com/video/BV1jWVu6RERF?t=9660.2
202604,春夏秋冬代行者 春之舞,1,,2026-03-24 11：31：13,【泛式∕录播】2026年4月新番茶话会,551455,1,01:14:35.200,01:24:03.200,https://www.bilibili.com/video/BV1YbXwBdEAf?t=4475.2,https://www.bilibili.com/video/BV1YbXwBdEAf?t=5043.2
202604,春夏秋冬代行者 春之舞,2,,2026-04-19 09：00：00,【泛式∕录播】我姑且也是一个录播组,551455,1,01:05:16.900,01:23:43.600,https://www.bilibili.com/video/BV1zydxBCEsg?t=3916.9,https://www.bilibili.com/video/BV1zydxBCEsg?t=5023.6
202604,春夏秋冬代行者 春之舞,3,,2026-05-17 09：00：00,【泛式∕录播】最黏住的直播间,551455,1,02:52:15.600,03:07:46.000,https://www.bilibili.com/video/BV1LLLL6GEhC?t=10335.6,https://www.bilibili.com/video/BV1LLLL6GEhC?t=11266.0
202604,春夏秋冬代行者 春之舞,4,,2026-05-24 09：00：00,【泛式∕录播】写作动画读作GAL的杂谈回,551455,1,03:05:25.600,03:28:01.700,https://www.bilibili.com/video/BV1nsGz6kEwo?t=11125.6,https://www.bilibili.com/video/BV1nsGz6kEwo?t=12481.7
202604,春夏秋冬代行者 春之舞,5,,2026-05-30 09：00：00,【泛式∕录播】2026年4月新番OP∕ED鉴赏会,551455,1,02:30:10.300,02:33:35.100,https://www.bilibili.com/video/BV1jWVu6RERF?t=9010.3,https://www.bilibili.com/video/BV1jWVu6RERF?t=9215.1
202604,春夏秋冬代行者 春之舞,6,,2026-06-14 09：00：00,【泛式∕录播】但是梅莉真可爱啊,551455,1,03:30:16.700,03:44:42.400,https://www.bilibili.com/video/BV1BfJW6UEKM?t=12616.7,https://www.bilibili.com/video/BV1BfJW6UEKM?t=13482.4
202604,日本三国,1,,2026-03-24 11：31：13,【泛式∕录播】2026年4月新番茶话会,623851,1,02:17:04.300,02:25:09.200,https://www.bilibili.com/video/BV1YbXwBdEAf?t=8224.3,https://www.bilibili.com/video/BV1YbXwBdEAf?t=8709.2
202604,日本三国,2,,2026-04-12 09：00：00,【泛式∕录播】风味啥是给,623851,1,02:53:20.900,03:19:00.400,https://www.bilibili.com/video/BV1Q9D1B6E6W?t=10400.9,https://www.bilibili.com/video/BV1Q9D1B6E6W?t=11940.4
202604,日本三国,3,,2026-04-19 09：00：00,【泛式∕录播】我姑且也是一个录播组,623851,1,01:42:10.700,01:59:58.100,https://www.bilibili.com/video/BV1zydxBCEsg?t=6130.7,https://www.bilibili.com/video/BV1zydxBCEsg?t=7198.1
202604,日本三国,4,,2026-05-03 10：19：54,【泛式∕录播】同龄人：看录播。我：看直播。就很...,623851,1,01:39:59.600,02:04:28.100,https://www.bilibili.com/video/BV1ox9dBnER1?t=5999.6,https://www.bilibili.com/video/BV1ox9dBnER1?t=7468.1
202604,日本三国,5,,2026-05-30 09：00：00,【泛式∕录播】2026年4月新番OP∕ED鉴赏会,623851,1,01:39:36.200,01:42:45.100,https://www.bilibili.com/video/BV1jWVu6RERF?t=5976.2,https://www.bilibili.com/video/BV1jWVu6RERF?t=6165.1
202604,日本三国,6,,2026-06-29 00：52：43,【泛式∕录播】别当兄弟了,623851,1,02:33:08.400,03:06:14.300,https://www.bilibili.com/video/BV1tUTK6JEKi?t=9188.4,https://www.bilibili.com/video/BV1tUTK6JEKi?t=11174.3
202604,摩绪,1,,2026-05-30 09：00：00,【泛式∕录播】2026年4月新番OP∕ED鉴赏会,570448,1,03:28:25.600,03:31:40.400,https://www.bilibili.com/video/BV1jWVu6RERF?t=12505.6,https://www.bilibili.com/video/BV1jWVu6RERF?t=12700.4
202604,拜托了偶像公主,1,,2026-05-30 09：00：00,【泛式∕录播】2026年4月新番OP∕ED鉴赏会,622634,1,03:35:25.400,03:37:00.300,https://www.bilibili.com/video/BV1jWVu6RERF?t=12925.4,https://www.bilibili.com/video/BV1jWVu6RERF?t=13020.3
202604,想结束这场“我爱你”的游戏,1,,2026-03-24 11：31：13,【泛式∕录播】2026年4月新番茶话会,564289,1,01:48:11.100,01:53:49.300,https://www.bilibili.com/video/BV1YbXwBdEAf?t=6491.1,https://www.bilibili.com/video/BV1YbXwBdEAf?t=6829.3
202604,想结束这场“我爱你”的游戏,2,,2026-04-26 09：00：00,【泛式∕录播】闭关前，杂谈一会儿,564289,1,03:12:04.000,03:26:33.800,https://www.bilibili.com/video/BV1B4odBhEBY?t=11524.0,https://www.bilibili.com/video/BV1B4odBhEBY?t=12393.8
202604,想结束这场“我爱你”的游戏,3,,2026-05-30 09：00：00,【泛式∕录播】2026年4月新番OP∕ED鉴赏会,564289,1,00:28:00.100,00:31:15.200,https://www.bilibili.com/video/BV1jWVu6RERF?t=1680.1,https://www.bilibili.com/video/BV1jWVu6RERF?t=1875.2
202604,当前、正被打扰中！,1,,2026-05-30 09：00：00,【泛式∕录播】2026年4月新番OP∕ED鉴赏会,610703,1,03:54:45.300,03:57:50.400,https://www.bilibili.com/video/BV1jWVu6RERF?t=14085.3,https://www.bilibili.com/video/BV1jWVu6RERF?t=14270.4
202604,弱弱老师,1,,2026-03-24 11：31：13,【泛式∕录播】2026年4月新番茶话会,526789,1,03:27:28.400,03:30:55.200,https://www.bilibili.com/video/BV1YbXwBdEAf?t=12448.4,https://www.bilibili.com/video/BV1YbXwBdEAf?t=12655.2
202604,弱弱老师,2,,2026-05-30 09：00：00,【泛式∕录播】2026年4月新番OP∕ED鉴赏会,526789,1,04:05:05.400,04:07:35.400,https://www.bilibili.com/video/BV1jWVu6RERF?t=14705.4,https://www.bilibili.com/video/BV1jWVu6RERF?t=14855.4
202604,异世界悠闲农家 第二季,1,,2026-05-03 10：19：54,【泛式∕录播】同龄人：看录播。我：看直播。就很...,575057,1,03:33:00.900,03:52:15.300,https://www.bilibili.com/video/BV1ox9dBnER1?t=12780.9,https://www.bilibili.com/video/BV1ox9dBnER1?t=13935.3
202604,异世界悠闲农家 第二季,2,,2026-05-30 09：00：00,【泛式∕录播】2026年4月新番OP∕ED鉴赏会,575057,1,03:45:05.500,03:48:25.500,https://www.bilibili.com/video/BV1jWVu6RERF?t=13505.5,https://www.bilibili.com/video/BV1jWVu6RERF?t=13705.5
202604,库兹马唱歌的话家里哆啰啰,1,,2026-04-12 09：00：00,【泛式∕录播】风味啥是给,493804,1,04:10:43.300,04:52:18.200,https://www.bilibili.com/video/BV1Q9D1B6E6W?t=15043.3,https://www.bilibili.com/video/BV1Q9D1B6E6W?t=17538.2
202604,库兹马唱歌的话家里哆啰啰,2,,2026-04-19 09：00：00,【泛式∕录播】我姑且也是一个录播组,493804,1,00:26:50.000,00:34:52.900,https://www.bilibili.com/video/BV1zydxBCEsg?t=1610.0,https://www.bilibili.com/video/BV1zydxBCEsg?t=2092.9
202604,库兹马唱歌的话家里哆啰啰,3,,2026-04-19 09：00：00,【泛式∕录播】我姑且也是一个录播组,493804,1,00:38:07.900,00:41:10.200,https://www.bilibili.com/video/BV1zydxBCEsg?t=2287.9,https://www.bilibili.com/video/BV1zydxBCEsg?t=2470.2
202604,库兹马唱歌的话家里哆啰啰,4,,2026-05-03 10：19：54,【泛式∕录播】同龄人：看录播。我：看直播。就很...,493804,1,02:04:28.100,02:14:49.400,https://www.bilibili.com/video/BV1ox9dBnER1?t=7468.1,https://www.bilibili.com/video/BV1ox9dBnER1?t=8089.4
202604,库兹马唱歌的话家里哆啰啰,5,,2026-05-10 09：00：00,【泛式∕录播】千岁百岁十岁直播间,493804,1,00:58:50.000,01:23:16.800,https://www.bilibili.com/video/BV1pnRRBfEua?t=3530.0,https://www.bilibili.com/video/BV1pnRRBfEua?t=4996.8
202604,库兹马唱歌的话家里哆啰啰,6,,2026-05-17 09：00：00,【泛式∕录播】最黏住的直播间,493804,1,01:14:58.600,01:20:27.200,https://www.bilibili.com/video/BV1LLLL6GEhC?t=4498.6,https://www.bilibili.com/video/BV1LLLL6GEhC?t=4827.2
202604,库兹马唱歌的话家里哆啰啰,7,,2026-05-24 09：00：00,【泛式∕录播】写作动画读作GAL的杂谈回,493804,1,01:30:29.900,01:41:33.600,https://www.bilibili.com/video/BV1nsGz6kEwo?t=5429.9,https://www.bilibili.com/video/BV1nsGz6kEwo?t=6093.6
202604,库兹马唱歌的话家里哆啰啰,8,,2026-05-30 09：00：00,【泛式∕录播】2026年4月新番OP∕ED鉴赏会,493804,1,01:28:10.300,01:31:15.100,https://www.bilibili.com/video/BV1jWVu6RERF?t=5290.3,https://www.bilibili.com/video/BV1jWVu6RERF?t=5475.1
202604,库兹马唱歌的话家里哆啰啰,9,,2026-06-07 09：00：00,【泛式∕录播】真看起来我就会搞错,493804,1,01:23:14.600,01:29:19.200,https://www.bilibili.com/video/BV1jmEn6iEkk?t=4994.6,https://www.bilibili.com/video/BV1jmEn6iEkk?t=5359.2
202604,库兹马唱歌的话家里哆啰啰,10,,2026-06-14 09：00：00,【泛式∕录播】但是梅莉真可爱啊,493804,1,00:42:50.600,01:01:59.900,https://www.bilibili.com/video/BV1BfJW6UEKM?t=2570.6,https://www.bilibili.com/video/BV1BfJW6UEKM?t=3719.9
202604,幽灵音乐会,1,,2026-03-24 11：31：13,【泛式∕录播】2026年4月新番茶话会,600675,1,02:25:09.200,02:28:48.200,https://www.bilibili.com/video/BV1YbXwBdEAf?t=8709.2,https://www.bilibili.com/video/BV1YbXwBdEAf?t=8928.2
202604,幽灵音乐会,2,,2026-04-12 09：00：00,【泛式∕录播】风味啥是给,600675,1,00:58:30.400,01:25:14.800,https://www.bilibili.com/video/BV1Q9D1B6E6W?t=3510.4,https://www.bilibili.com/video/BV1Q9D1B6E6W?t=5114.8
202604,幽灵音乐会,3,,2026-04-19 09：00：00,【泛式∕录播】我姑且也是一个录播组,600675,1,00:41:22.800,00:54:37.000,https://www.bilibili.com/video/BV1zydxBCEsg?t=2482.8,https://www.bilibili.com/video/BV1zydxBCEsg?t=3277.0
202604,幽灵音乐会,4,,2026-04-26 09：00：00,【泛式∕录播】闭关前，杂谈一会儿,600675,1,00:50:05.800,00:58:39.400,https://www.bilibili.com/video/BV1B4odBhEBY?t=3005.8,https://www.bilibili.com/video/BV1B4odBhEBY?t=3519.4
202604,幽灵音乐会,5,,2026-05-03 10：19：54,【泛式∕录播】同龄人：看录播。我：看直播。就很...,600675,1,00:39:35.000,00:54:28.900,https://www.bilibili.com/video/BV1ox9dBnER1?t=2375.0,https://www.bilibili.com/video/BV1ox9dBnER1?t=3268.9
202604,幽灵音乐会,6,,2026-05-17 09：00：00,【泛式∕录播】最黏住的直播间,600675,1,02:15:06.500,02:16:36.700,https://www.bilibili.com/video/BV1LLLL6GEhC?t=8106.5,https://www.bilibili.com/video/BV1LLLL6GEhC?t=8196.7
202604,幽灵音乐会,7,,2026-05-30 09：00：00,【泛式∕录播】2026年4月新番OP∕ED鉴赏会,600675,1,03:40:15.500,03:41:55.800,https://www.bilibili.com/video/BV1jWVu6RERF?t=13215.5,https://www.bilibili.com/video/BV1jWVu6RERF?t=13315.8
202604,幽灵音乐会,8,,2026-06-29 00：52：43,【泛式∕录播】别当兄弟了,600675,1,00:32:24.800,00:43:28.700,https://www.bilibili.com/video/BV1tUTK6JEKi?t=1944.8,https://www.bilibili.com/video/BV1tUTK6JEKi?t=2608.7
202604,左撇子艾伦,1,,2026-04-19 09：00：00,【泛式∕录播】我姑且也是一个录播组,409468,1,00:34:52.900,00:38:07.900,https://www.bilibili.com/video/BV1zydxBCEsg?t=2092.9,https://www.bilibili.com/video/BV1zydxBCEsg?t=2287.9
202604,左撇子艾伦,2,,2026-04-19 09：00：00,【泛式∕录播】我姑且也是一个录播组,409468,1,04:01:54.500,04:54:39.500,https://www.bilibili.com/video/BV1zydxBCEsg?t=14514.5,https://www.bilibili.com/video/BV1zydxBCEsg?t=17679.5
202604,左撇子艾伦,3,,2026-04-26 09：00：00,【泛式∕录播】闭关前，杂谈一会儿,409468,1,04:03:24.300,04:41:46.600,https://www.bilibili.com/video/BV1B4odBhEBY?t=14604.3,https://www.bilibili.com/video/BV1B4odBhEBY?t=16906.6
202604,左撇子艾伦,4,,2026-05-03 10：19：54,【泛式∕录播】同龄人：看录播。我：看直播。就很...,409468,1,04:27:24.900,04:55:15.700,https://www.bilibili.com/video/BV1ox9dBnER1?t=16044.9,https://www.bilibili.com/video/BV1ox9dBnER1?t=17715.7
202604,左撇子艾伦,5,,2026-05-10 09：00：00,【泛式∕录播】千岁百岁十岁直播间,409468,1,04:13:00.300,04:42:37.200,https://www.bilibili.com/video/BV1pnRRBfEua?t=15180.3,https://www.bilibili.com/video/BV1pnRRBfEua?t=16957.2
202604,左撇子艾伦,6,,2026-05-17 09：00：00,【泛式∕录播】最黏住的直播间,409468,1,04:06:41.000,04:35:00.200,https://www.bilibili.com/video/BV1LLLL6GEhC?t=14801.0,https://www.bilibili.com/video/BV1LLLL6GEhC?t=16500.2
202604,左撇子艾伦,7,,2026-05-24 09：00：00,【泛式∕录播】写作动画读作GAL的杂谈回,409468,1,03:35:31.700,04:07:43.000,https://www.bilibili.com/video/BV1nsGz6kEwo?t=12931.7,https://www.bilibili.com/video/BV1nsGz6kEwo?t=14863.0
202604,左撇子艾伦,8,,2026-05-30 09：00：00,【泛式∕录播】2026年4月新番OP∕ED鉴赏会,409468,1,03:51:40.300,03:54:45.300,https://www.bilibili.com/video/BV1jWVu6RERF?t=13900.3,https://www.bilibili.com/video/BV1jWVu6RERF?t=14085.3
202604,左撇子艾伦,9,,2026-05-30 09：00：00,【泛式∕录播】2026年4月新番OP∕ED鉴赏会,409468,1,04:32:50.900,05:01:45.600,https://www.bilibili.com/video/BV1jWVu6RERF?t=16370.9,https://www.bilibili.com/video/BV1jWVu6RERF?t=18105.6
202604,左撇子艾伦,10,遮挡,2026-06-07 09：00：00,【泛式∕录播】真看起来我就会搞错,409468,1,04:10:55.700,04:34:27.800,https://www.bilibili.com/video/BV1jmEn6iEkk?t=15055.7,https://www.bilibili.com/video/BV1jmEn6iEkk?t=16467.8
202604,左撇子艾伦,11,,2026-06-14 09：00：00,【泛式∕录播】但是梅莉真可爱啊,409468,1,04:07:50.000,04:36:34.800,https://www.bilibili.com/video/BV1BfJW6UEKM?t=14870.0,https://www.bilibili.com/video/BV1BfJW6UEKM?t=16594.8
202604,左撇子艾伦,12,,2026-06-21 13：53：11,【泛式∕录播】回忆2016年4月，真拿你没办法~,409468,1,04:45:40.900,05:09:15.800,https://www.bilibili.com/video/BV1gajx6NERw?t=17140.9,https://www.bilibili.com/video/BV1gajx6NERw?t=18555.8
202604,左撇子艾伦,13,,2026-06-29 00：52：43,【泛式∕录播】别当兄弟了,409468,1,03:41:31.100,04:10:19.800,https://www.bilibili.com/video/BV1tUTK6JEKi?t=13291.1,https://www.bilibili.com/video/BV1tUTK6JEKi?t=15019.8
202604,左撇子艾伦,14,,2026-07-05 09：00：00,【泛式∕录播】喜欢看这种残血带点虚弱的人类形象,409468,1,02:40:01.000,03:09:54.100,https://www.bilibili.com/video/BV1v6MN6fE3f?t=9601.0,https://www.bilibili.com/video/BV1v6MN6fE3f?t=11394.1
202604,尖帽子的魔法工房,1,,2026-03-22 09：09：36,【泛式∕录播】直播真简单啊,377130,1,03:01:29.300,03:05:16.600,https://www.bilibili.com/video/BV1EtAKzuEyr?t=10889.3,https://www.bilibili.com/video/BV1EtAKzuEyr?t=11116.6
202604,尖帽子的魔法工房,2,,2026-03-24 11：31：13,【泛式∕录播】2026年4月新番茶话会,377130,1,00:51:08.200,01:00:21.500,https://www.bilibili.com/video/BV1YbXwBdEAf?t=3068.2,https://www.bilibili.com/video/BV1YbXwBdEAf?t=3621.5
202604,尖帽子的魔法工房,3,,2026-04-12 09：00：00,【泛式∕录播】风味啥是给,377130,1,01:35:10.800,01:48:05.100,https://www.bilibili.com/video/BV1Q9D1B6E6W?t=5710.8,https://www.bilibili.com/video/BV1Q9D1B6E6W?t=6485.1
202604,尖帽子的魔法工房,4,,2026-04-19 09：00：00,【泛式∕录播】我姑且也是一个录播组,377130,1,03:40:50.600,03:50:59.500,https://www.bilibili.com/video/BV1zydxBCEsg?t=13250.6,https://www.bilibili.com/video/BV1zydxBCEsg?t=13859.5
202604,尖帽子的魔法工房,5,,2026-05-03 10：19：54,【泛式∕录播】同龄人：看录播。我：看直播。就很...,377130,1,04:16:36.200,04:20:02.800,https://www.bilibili.com/video/BV1ox9dBnER1?t=15396.2,https://www.bilibili.com/video/BV1ox9dBnER1?t=15602.8
202604,尖帽子的魔法工房,6,,2026-05-17 09：00：00,【泛式∕录播】最黏住的直播间,377130,1,03:07:46.000,03:14:28.800,https://www.bilibili.com/video/BV1LLLL6GEhC?t=11266.0,https://www.bilibili.com/video/BV1LLLL6GEhC?t=11668.8
202604,尖帽子的魔法工房,7,遮挡,2026-05-30 09：00：00,【泛式∕录播】2026年4月新番OP∕ED鉴赏会,377130,1,01:42:45.100,01:46:05.300,https://www.bilibili.com/video/BV1jWVu6RERF?t=6165.1,https://www.bilibili.com/video/BV1jWVu6RERF?t=6365.3
202604,少年与高达,1,,2026-05-24 09：00：00,【泛式∕录播】写作动画读作GAL的杂谈回,651692,1,01:22:35.600,01:29:12.900,https://www.bilibili.com/video/BV1nsGz6kEwo?t=4955.6,https://www.bilibili.com/video/BV1nsGz6kEwo?t=5352.9
202604,小书痴的下克上 〜为了成为图书管理员而不择手段〜 领主的养女,1,,2026-03-24 11：31：13,【泛式∕录播】2026年4月新番茶话会,469104,1,00:30:26.100,00:40:58.300,https://www.bilibili.com/video/BV1YbXwBdEAf?t=1826.1,https://www.bilibili.com/video/BV1YbXwBdEAf?t=2458.3
202604,小书痴的下克上 〜为了成为图书管理员而不择手段〜 领主的养女,2,,2026-05-30 09：00：00,【泛式∕录播】2026年4月新番OP∕ED鉴赏会,469104,1,01:10:55.700,01:14:11.000,https://www.bilibili.com/video/BV1jWVu6RERF?t=4255.7,https://www.bilibili.com/video/BV1jWVu6RERF?t=4451.0
202604,小书痴的下克上 〜为了成为图书管理员而不择手段〜 领主的养女,3,,2026-09-06 09：00：00,【泛式∕录播】2026年7月新番OP∕ED鉴赏会,469104,1,00:19:10.000,00:22:32.800,https://www.bilibili.com/video/BV166bE6fEsr?t=1150.0,https://www.bilibili.com/video/BV166bE6fEsr?t=1352.8
202604,婚姻剧毒,1,,2026-03-22 09：09：36,【泛式∕录播】直播真简单啊,590353,1,02:56:09.600,02:58:24.700,https://www.bilibili.com/video/BV1EtAKzuEyr?t=10569.6,https://www.bilibili.com/video/BV1EtAKzuEyr?t=10704.7
202604,婚姻剧毒,2,遮挡,2026-03-24 11：31：13,【泛式∕录播】2026年4月新番茶话会,590353,1,01:24:03.200,01:32:25.200,https://www.bilibili.com/video/BV1YbXwBdEAf?t=5043.2,https://www.bilibili.com/video/BV1YbXwBdEAf?t=5545.2
202604,婚姻剧毒,3,遮挡,2026-04-12 09：00：00,【泛式∕录播】风味啥是给,590353,1,03:55:49.500,04:06:03.700,https://www.bilibili.com/video/BV1Q9D1B6E6W?t=14149.5,https://www.bilibili.com/video/BV1Q9D1B6E6W?t=14763.7
202604,婚姻剧毒,4,遮挡,2026-05-24 09：00：00,【泛式∕录播】写作动画读作GAL的杂谈回,590353,1,01:44:05.100,01:53:39.100,https://www.bilibili.com/video/BV1nsGz6kEwo?t=6245.1,https://www.bilibili.com/video/BV1nsGz6kEwo?t=6819.1
202604,婚姻剧毒,5,遮挡,2026-05-30 09：00：00,【泛式∕录播】2026年4月新番OP∕ED鉴赏会,590353,1,04:10:45.400,04:16:00.400,https://www.bilibili.com/video/BV1jWVu6RERF?t=15045.4,https://www.bilibili.com/video/BV1jWVu6RERF?t=15360.4
202604,婚姻剧毒,6,,2026-06-29 00：52：43,【泛式∕录播】别当兄弟了,590353,1,03:06:51.200,03:24:58.000,https://www.bilibili.com/video/BV1tUTK6JEKi?t=11211.2,https://www.bilibili.com/video/BV1tUTK6JEKi?t=12298.0
202604,女骑士成为蛮族新娘,1,,2026-05-30 09：00：00,【泛式∕录播】2026年4月新番OP∕ED鉴赏会,516543,1,00:16:55.000,00:20:40.000,https://www.bilibili.com/video/BV1jWVu6RERF?t=1015.0,https://www.bilibili.com/video/BV1jWVu6RERF?t=1240.0
202604,女神“异世界转生想成为什么”我“勇者的肋骨”,1,,2026-03-24 11：31：13,【泛式∕录播】2026年4月新番茶话会,623854,1,01:00:21.500,01:06:49.000,https://www.bilibili.com/video/BV1YbXwBdEAf?t=3621.5,https://www.bilibili.com/video/BV1YbXwBdEAf?t=4009.0
202604,女神“异世界转生想成为什么”我“勇者的肋骨”,2,遮挡,2026-04-12 09：00：00,【泛式∕录播】风味啥是给,623854,1,02:37:27.600,02:52:47.900,https://www.bilibili.com/video/BV1Q9D1B6E6W?t=9447.6,https://www.bilibili.com/video/BV1Q9D1B6E6W?t=10367.9
202604,女神“异世界转生想成为什么”我“勇者的肋骨”,3,,2026-04-19 09：00：00,【泛式∕录播】我姑且也是一个录播组,623854,1,03:34:48.500,03:39:12.000,https://www.bilibili.com/video/BV1zydxBCEsg?t=12888.5,https://www.bilibili.com/video/BV1zydxBCEsg?t=13152.0
202604,女神“异世界转生想成为什么”我“勇者的肋骨”,4,遮挡,2026-04-26 09：00：00,【泛式∕录播】闭关前，杂谈一会儿,623854,1,01:48:09.300,02:11:51.800,https://www.bilibili.com/video/BV1B4odBhEBY?t=6489.3,https://www.bilibili.com/video/BV1B4odBhEBY?t=7911.8
202604,女神“异世界转生想成为什么”我“勇者的肋骨”,5,,2026-05-17 09：00：00,【泛式∕录播】最黏住的直播间,623854,1,03:15:05.800,03:17:32.400,https://www.bilibili.com/video/BV1LLLL6GEhC?t=11705.8,https://www.bilibili.com/video/BV1LLLL6GEhC?t=11852.4
202604,女神“异世界转生想成为什么”我“勇者的肋骨”,6,,2026-05-30 09：00：00,【泛式∕录播】2026年4月新番OP∕ED鉴赏会,623854,1,03:58:21.600,04:01:40.300,https://www.bilibili.com/video/BV1jWVu6RERF?t=14301.6,https://www.bilibili.com/video/BV1jWVu6RERF?t=14500.3
202604,女神“异世界转生想成为什么”我“勇者的肋骨”,7,,2026-06-07 09：00：00,【泛式∕录播】真看起来我就会搞错,623854,1,01:34:25.100,01:39:29.000,https://www.bilibili.com/video/BV1jmEn6iEkk?t=5665.1,https://www.bilibili.com/video/BV1jmEn6iEkk?t=5969.0
202604,女神“异世界转生想成为什么”我“勇者的肋骨”,8,,2026-06-29 00：52：43,【泛式∕录播】别当兄弟了,623854,1,01:18:40.500,01:27:40.200,https://www.bilibili.com/video/BV1tUTK6JEKi?t=4720.5,https://www.bilibili.com/video/BV1tUTK6JEKi?t=5260.2
202604,女仆小姐的贪吃日常,1,,2026-03-24 11：31：13,【泛式∕录播】2026年4月新番茶话会,580473,1,03:21:58.200,03:27:28.400,https://www.bilibili.com/video/BV1YbXwBdEAf?t=12118.2,https://www.bilibili.com/video/BV1YbXwBdEAf?t=12448.4
202604,女仆小姐的贪吃日常,2,,2026-05-30 09：00：00,【泛式∕录播】2026年4月新番OP∕ED鉴赏会,580473,1,02:41:00.200,02:44:51.000,https://www.bilibili.com/video/BV1jWVu6RERF?t=9660.2,https://www.bilibili.com/video/BV1jWVu6RERF?t=9891.0
202604,夜樱家的大作战 第二季,1,,2026-05-30 09：00：00,【泛式∕录播】2026年4月新番OP∕ED鉴赏会,517027,1,00:20:40.000,00:24:20.600,https://www.bilibili.com/video/BV1jWVu6RERF?t=1240.0,https://www.bilibili.com/video/BV1jWVu6RERF?t=1460.6
202604,复制品的我也会谈恋爱。,1,,2026-03-22 09：09：36,【泛式∕录播】直播真简单啊,537722,1,02:45:11.700,02:50:16.600,https://www.bilibili.com/video/BV1EtAKzuEyr?t=9911.7,https://www.bilibili.com/video/BV1EtAKzuEyr?t=10216.6
202604,复制品的我也会谈恋爱。,2,,2026-03-24 11：31：13,【泛式∕录播】2026年4月新番茶话会,537722,1,02:12:43.200,02:17:04.300,https://www.bilibili.com/video/BV1YbXwBdEAf?t=7963.2,https://www.bilibili.com/video/BV1YbXwBdEAf?t=8224.3
202604,复制品的我也会谈恋爱。,3,,2026-04-12 09：00：00,【泛式∕录播】风味啥是给,537722,1,03:47:00.400,03:55:49.500,https://www.bilibili.com/video/BV1Q9D1B6E6W?t=13620.4,https://www.bilibili.com/video/BV1Q9D1B6E6W?t=14149.5
202604,复制品的我也会谈恋爱。,4,,2026-04-19 09：00：00,【泛式∕录播】我姑且也是一个录播组,537722,1,03:16:08.900,03:34:00.400,https://www.bilibili.com/video/BV1zydxBCEsg?t=11768.9,https://www.bilibili.com/video/BV1zydxBCEsg?t=12840.4
202604,复制品的我也会谈恋爱。,5,,2026-05-03 10：19：54,【泛式∕录播】同龄人：看录播。我：看直播。就很...,537722,1,03:52:15.300,04:05:11.800,https://www.bilibili.com/video/BV1ox9dBnER1?t=13935.3,https://www.bilibili.com/video/BV1ox9dBnER1?t=14711.8
202604,复制品的我也会谈恋爱。,6,,2026-05-30 09：00：00,【泛式∕录播】2026年4月新番OP∕ED鉴赏会,537722,1,00:53:25.300,00:56:50.200,https://www.bilibili.com/video/BV1jWVu6RERF?t=3205.3,https://www.bilibili.com/video/BV1jWVu6RERF?t=3410.2
202604,复制品的我也会谈恋爱。,7,,2026-06-14 09：00：00,【泛式∕录播】但是梅莉真可爱啊,537722,1,03:44:42.400,04:02:33.100,https://www.bilibili.com/video/BV1BfJW6UEKM?t=13482.4,https://www.bilibili.com/video/BV1BfJW6UEKM?t=14553.1
202604,和班上第二可爱的女孩成为朋友,1,,2026-03-22 09：09：36,【泛式∕录播】直播真简单啊,456079,1,02:50:16.600,02:52:19.900,https://www.bilibili.com/video/BV1EtAKzuEyr?t=10216.6,https://www.bilibili.com/video/BV1EtAKzuEyr?t=10339.9
202604,和班上第二可爱的女孩成为朋友,2,,2026-03-24 11：31：13,【泛式∕录播】2026年4月新番茶话会,456079,1,02:00:53.200,02:10:14.200,https://www.bilibili.com/video/BV1YbXwBdEAf?t=7253.2,https://www.bilibili.com/video/BV1YbXwBdEAf?t=7814.2
202604,和班上第二可爱的女孩成为朋友,3,,2026-04-19 09：00：00,【泛式∕录播】我姑且也是一个录播组,456079,1,02:14:12.600,02:35:42.500,https://www.bilibili.com/video/BV1zydxBCEsg?t=8052.6,https://www.bilibili.com/video/BV1zydxBCEsg?t=9342.5
202604,和班上第二可爱的女孩成为朋友,4,,2026-05-03 10：19：54,【泛式∕录播】同龄人：看录播。我：看直播。就很...,456079,1,02:50:33.000,03:16:17.700,https://www.bilibili.com/video/BV1ox9dBnER1?t=10233.0,https://www.bilibili.com/video/BV1ox9dBnER1?t=11777.7
202604,和班上第二可爱的女孩成为朋友,5,,2026-05-10 09：00：00,【泛式∕录播】千岁百岁十岁直播间,456079,1,03:17:19.600,03:36:20.200,https://www.bilibili.com/video/BV1pnRRBfEua?t=11839.6,https://www.bilibili.com/video/BV1pnRRBfEua?t=12980.2
202604,和班上第二可爱的女孩成为朋友,6,,2026-05-17 09：00：00,【泛式∕录播】最黏住的直播间,456079,1,02:45:09.600,02:46:25.500,https://www.bilibili.com/video/BV1LLLL6GEhC?t=9909.6,https://www.bilibili.com/video/BV1LLLL6GEhC?t=9985.5
202604,和班上第二可爱的女孩成为朋友,7,,2026-05-30 09：00：00,【泛式∕录播】2026年4月新番OP∕ED鉴赏会,456079,1,00:56:50.200,01:00:45.200,https://www.bilibili.com/video/BV1jWVu6RERF?t=3410.2,https://www.bilibili.com/video/BV1jWVu6RERF?t=3645.2
202604,和班上第二可爱的女孩成为朋友,8,,2026-06-21 13：53：11,【泛式∕录播】回忆2016年4月，真拿你没办法~,456079,1,01:05:20.600,01:23:27.600,https://www.bilibili.com/video/BV1gajx6NERw?t=3920.6,https://www.bilibili.com/video/BV1gajx6NERw?t=5007.6
202604,吞噬魔物的冒险者,1,,2026-05-30 09：00：00,【泛式∕录播】2026年4月新番OP∕ED鉴赏会,621358,1,03:11:30.300,03:15:00.300,https://www.bilibili.com/video/BV1jWVu6RERF?t=11490.3,https://www.bilibili.com/video/BV1jWVu6RERF?t=11700.3
202604,又被杀掉了呢，侦探大人,1,,2026-03-24 11：31：13,【泛式∕录播】2026年4月新番茶话会,608227,1,03:30:55.200,03:36:28.200,https://www.bilibili.com/video/BV1YbXwBdEAf?t=12655.2,https://www.bilibili.com/video/BV1YbXwBdEAf?t=12988.2
202604,又被杀掉了呢，侦探大人,2,,2026-05-03 10：19：54,【泛式∕录播】同龄人：看录播。我：看直播。就很...,608227,1,01:24:49.000,01:39:59.600,https://www.bilibili.com/video/BV1ox9dBnER1?t=5089.0,https://www.bilibili.com/video/BV1ox9dBnER1?t=5999.6
202604,又被杀掉了呢，侦探大人,3,,2026-05-30 09：00：00,【泛式∕录播】2026年4月新番OP∕ED鉴赏会,608227,1,03:08:20.700,03:11:30.300,https://www.bilibili.com/video/BV1jWVu6RERF?t=11300.7,https://www.bilibili.com/video/BV1jWVu6RERF?t=11490.3
202604,又被杀掉了呢，侦探大人,4,,2026-06-29 00：52：43,【泛式∕录播】别当兄弟了,608227,1,03:31:30.300,03:34:27.900,https://www.bilibili.com/video/BV1tUTK6JEKi?t=12690.3,https://www.bilibili.com/video/BV1tUTK6JEKi?t=12867.9
202604,北斗神拳 -FIST OF THE NORTH STAR-,1,,2026-05-30 09：00：00,【泛式∕录播】2026年4月新番OP∕ED鉴赏会,454438,1,03:21:40.500,03:25:15.600,https://www.bilibili.com/video/BV1jWVu6RERF?t=12100.5,https://www.bilibili.com/video/BV1jWVu6RERF?t=12315.6
202604,加油吧！中村君！！,1,,2026-04-12 09：00：00,【泛式∕录播】风味啥是给,508455,1,03:37:23.500,03:43:13.700,https://www.bilibili.com/video/BV1Q9D1B6E6W?t=13043.5,https://www.bilibili.com/video/BV1Q9D1B6E6W?t=13393.7
202604,加油吧！中村君！！,2,遮挡,2026-05-10 09：00：00,【泛式∕录播】千岁百岁十岁直播间,508455,1,02:06:14.700,02:31:54.100,https://www.bilibili.com/video/BV1pnRRBfEua?t=7574.7,https://www.bilibili.com/video/BV1pnRRBfEua?t=9114.1
202604,加油吧！中村君！！,3,遮挡,2026-05-30 09：00：00,【泛式∕录播】2026年4月新番OP∕ED鉴赏会,508455,1,02:26:41.300,02:30:10.300,https://www.bilibili.com/video/BV1jWVu6RERF?t=8801.3,https://www.bilibili.com/video/BV1jWVu6RERF?t=9010.3
202604,冻结地球,1,,2026-05-30 09：00：00,【泛式∕录播】2026年4月新番OP∕ED鉴赏会,571555,1,03:00:40.600,03:05:00.500,https://www.bilibili.com/video/BV1jWVu6RERF?t=10840.6,https://www.bilibili.com/video/BV1jWVu6RERF?t=11100.5
202604,冰之城墙,1,,2026-03-22 09：09：36,【泛式∕录播】直播真简单啊,535669,1,02:38:00.700,02:45:11.700,https://www.bilibili.com/video/BV1EtAKzuEyr?t=9480.7,https://www.bilibili.com/video/BV1EtAKzuEyr?t=9911.7
202604,冰之城墙,2,,2026-03-24 11：31：13,【泛式∕录播】2026年4月新番茶话会,535669,1,03:06:41.200,03:12:22.300,https://www.bilibili.com/video/BV1YbXwBdEAf?t=11201.2,https://www.bilibili.com/video/BV1YbXwBdEAf?t=11542.3
202604,冰之城墙,3,,2026-04-19 09：00：00,【泛式∕录播】我姑且也是一个录播组,535669,1,02:56:17.000,03:16:04.900,https://www.bilibili.com/video/BV1zydxBCEsg?t=10577.0,https://www.bilibili.com/video/BV1zydxBCEsg?t=11764.9
202604,冰之城墙,4,,2026-04-26 09：00：00,【泛式∕录播】闭关前，杂谈一会儿,535669,1,03:33:19.300,03:54:28.100,https://www.bilibili.com/video/BV1B4odBhEBY?t=12799.3,https://www.bilibili.com/video/BV1B4odBhEBY?t=14068.1
202604,冰之城墙,5,,2026-05-03 10：19：54,【泛式∕录播】同龄人：看录播。我：看直播。就很...,535669,1,02:14:49.400,02:50:33.000,https://www.bilibili.com/video/BV1ox9dBnER1?t=8089.4,https://www.bilibili.com/video/BV1ox9dBnER1?t=10233.0
202604,冰之城墙,6,,2026-05-10 09：00：00,【泛式∕录播】千岁百岁十岁直播间,535669,1,02:30:11.000,03:06:37.300,https://www.bilibili.com/video/BV1pnRRBfEua?t=9011.0,https://www.bilibili.com/video/BV1pnRRBfEua?t=11197.3
202604,冰之城墙,7,,2026-05-17 09：00：00,【泛式∕录播】最黏住的直播间,535669,1,02:18:02.700,02:44:40.000,https://www.bilibili.com/video/BV1LLLL6GEhC?t=8282.7,https://www.bilibili.com/video/BV1LLLL6GEhC?t=9880.0
202604,冰之城墙,8,,2026-05-24 09：00：00,【泛式∕录播】写作动画读作GAL的杂谈回,535669,1,01:58:28.300,02:35:53.900,https://www.bilibili.com/video/BV1nsGz6kEwo?t=7108.3,https://www.bilibili.com/video/BV1nsGz6kEwo?t=9353.9
202604,冰之城墙,9,,2026-05-30 09：00：00,【泛式∕录播】2026年4月新番OP∕ED鉴赏会,535669,1,01:46:05.300,02:15:40.300,https://www.bilibili.com/video/BV1jWVu6RERF?t=6365.3,https://www.bilibili.com/video/BV1jWVu6RERF?t=8140.3
202604,冰之城墙,10,遮挡,2026-06-07 09：00：00,【泛式∕录播】真看起来我就会搞错,535669,1,02:43:59.700,03:06:49.300,https://www.bilibili.com/video/BV1jmEn6iEkk?t=9839.7,https://www.bilibili.com/video/BV1jmEn6iEkk?t=11209.3
202604,冰之城墙,11,,2026-06-14 09：00：00,【泛式∕录播】但是梅莉真可爱啊,535669,1,01:12:10.700,02:04:09.800,https://www.bilibili.com/video/BV1BfJW6UEKM?t=4330.7,https://www.bilibili.com/video/BV1BfJW6UEKM?t=7449.8
202604,冰之城墙,12,,2026-06-21 13：53：11,【泛式∕录播】回忆2016年4月，真拿你没办法~,535669,1,01:59:09.000,02:29:57.900,https://www.bilibili.com/video/BV1gajx6NERw?t=7149.0,https://www.bilibili.com/video/BV1gajx6NERw?t=8997.9
202604,冰之城墙,13,,2026-06-29 00：52：43,【泛式∕录播】别当兄弟了,535669,1,01:27:40.200,01:55:53.600,https://www.bilibili.com/video/BV1tUTK6JEKi?t=5260.2,https://www.bilibili.com/video/BV1tUTK6JEKi?t=6953.6
202604,冰之城墙,14,,2026-07-05 09：00：00,【泛式∕录播】喜欢看这种残血带点虚弱的人类形象,535669,1,00:42:00.300,01:09:11.000,https://www.bilibili.com/video/BV1v6MN6fE3f?t=2520.3,https://www.bilibili.com/video/BV1v6MN6fE3f?t=4151.0
202604,关于邻家的天使大人不知不觉把我惯成了废人这档子事 第二季,1,,2026-05-30 09：00：00,【泛式∕录播】2026年4月新番OP∕ED鉴赏会,458684,1,00:48:25.000,00:53:25.300,https://www.bilibili.com/video/BV1jWVu6RERF?t=2905.0,https://www.bilibili.com/video/BV1jWVu6RERF?t=3205.3
202604,关于虽然逃走的鱼很大、但钓上来的鱼却太大了这件事,1,,2026-05-30 09：00：00,【泛式∕录播】2026年4月新番OP∕ED鉴赏会,604307,1,02:51:40.600,02:54:50.300,https://www.bilibili.com/video/BV1jWVu6RERF?t=10300.6,https://www.bilibili.com/video/BV1jWVu6RERF?t=10490.3
202604,关于我转生变成史莱姆这档事 第四季,1,,2026-05-30 09：00：00,【泛式∕录播】2026年4月新番OP∕ED鉴赏会,515594,1,02:23:00.300,02:26:41.300,https://www.bilibili.com/video/BV1jWVu6RERF?t=8580.3,https://www.bilibili.com/video/BV1jWVu6RERF?t=8801.3
202604,关于我转生变成史莱姆这档事 第四季,2,,2026-09-06 09：00：00,【泛式∕录播】2026年7月新番OP∕ED鉴赏会,515594,1,04:04:35.000,04:08:05.100,https://www.bilibili.com/video/BV166bE6fEsr?t=14675.0,https://www.bilibili.com/video/BV166bE6fEsr?t=14885.1
202604,公鸡斗士,1,,2026-03-22 09：09：36,【泛式∕录播】直播真简单啊,505258,1,03:01:12.000,03:01:29.300,https://www.bilibili.com/video/BV1EtAKzuEyr?t=10872.0,https://www.bilibili.com/video/BV1EtAKzuEyr?t=10889.3
202604,公鸡斗士,2,,2026-03-24 11：31：13,【泛式∕录播】2026年4月新番茶话会,505258,1,02:31:56.800,02:35:18.000,https://www.bilibili.com/video/BV1YbXwBdEAf?t=9116.8,https://www.bilibili.com/video/BV1YbXwBdEAf?t=9318.0
202604,公鸡斗士,3,,2026-04-12 09：00：00,【泛式∕录播】风味啥是给,505258,1,03:43:13.700,03:46:59.600,https://www.bilibili.com/video/BV1Q9D1B6E6W?t=13393.7,https://www.bilibili.com/video/BV1Q9D1B6E6W?t=13619.6
202604,公鸡斗士,4,,2026-05-30 09：00：00,【泛式∕录播】2026年4月新番OP∕ED鉴赏会,505258,1,03:25:15.600,03:28:25.600,https://www.bilibili.com/video/BV1jWVu6RERF?t=12315.6,https://www.bilibili.com/video/BV1jWVu6RERF?t=12505.6
202604,入间同学入魔了 第四季,1,,2026-05-30 09：00：00,【泛式∕录播】2026年4月新番OP∕ED鉴赏会,524486,1,03:18:30.600,03:21:40.500,https://www.bilibili.com/video/BV1jWVu6RERF?t=11910.6,https://www.bilibili.com/video/BV1jWVu6RERF?t=12100.5
202604,主播女孩重度依赖,1,,2026-03-24 11：31：13,【泛式∕录播】2026年4月新番茶话会,606263,1,01:32:25.200,01:39:16.200,https://www.bilibili.com/video/BV1YbXwBdEAf?t=5545.2,https://www.bilibili.com/video/BV1YbXwBdEAf?t=5956.2
202604,主播女孩重度依赖,2,,2026-04-12 09：00：00,【泛式∕录播】风味啥是给,606263,1,01:25:14.800,01:31:10.700,https://www.bilibili.com/video/BV1Q9D1B6E6W?t=5114.8,https://www.bilibili.com/video/BV1Q9D1B6E6W?t=5470.7
202604,主播女孩重度依赖,3,,2026-04-19 09：00：00,【泛式∕录播】我姑且也是一个录播组,606263,1,00:54:37.000,01:05:16.900,https://www.bilibili.com/video/BV1zydxBCEsg?t=3277.0,https://www.bilibili.com/video/BV1zydxBCEsg?t=3916.9
202604,主播女孩重度依赖,4,,2026-04-26 09：00：00,【泛式∕录播】闭关前，杂谈一会儿,606263,1,00:41:25.500,00:50:05.800,https://www.bilibili.com/video/BV1B4odBhEBY?t=2485.5,https://www.bilibili.com/video/BV1B4odBhEBY?t=3005.8
202604,主播女孩重度依赖,5,,2026-05-30 09：00：00,【泛式∕录播】2026年4月新番OP∕ED鉴赏会,606263,1,02:33:35.100,02:37:31.500,https://www.bilibili.com/video/BV1jWVu6RERF?t=9215.1,https://www.bilibili.com/video/BV1jWVu6RERF?t=9451.5
202604,主播女孩重度依赖,6,,2026-06-21 13：53：11,【泛式∕录播】回忆2016年4月，真拿你没办法~,606263,1,00:26:28.000,00:35:36.600,https://www.bilibili.com/video/BV1gajx6NERw?t=1588.0,https://www.bilibili.com/video/BV1gajx6NERw?t=2136.6
202604,上伊那牡丹，酒醉身姿似百合花般,1,,2026-03-22 09：09：36,【泛式∕录播】直播真简单啊,543360,1,02:54:06.900,02:55:57.400,https://www.bilibili.com/video/BV1EtAKzuEyr?t=10446.9,https://www.bilibili.com/video/BV1EtAKzuEyr?t=10557.4
202604,上伊那牡丹，酒醉身姿似百合花般,2,,2026-03-24 11：31：13,【泛式∕录播】2026年4月新番茶话会,543360,1,02:54:08.300,03:06:41.200,https://www.bilibili.com/video/BV1YbXwBdEAf?t=10448.3,https://www.bilibili.com/video/BV1YbXwBdEAf?t=11201.2
202604,上伊那牡丹，酒醉身姿似百合花般,3,,2026-04-12 09：00：00,【泛式∕录播】风味啥是给,543360,1,02:21:45.300,02:37:27.600,https://www.bilibili.com/video/BV1Q9D1B6E6W?t=8505.3,https://www.bilibili.com/video/BV1Q9D1B6E6W?t=9447.6
202604,上伊那牡丹，酒醉身姿似百合花般,4,,2026-04-19 09：00：00,【泛式∕录播】我姑且也是一个录播组,543360,1,03:51:20.500,04:01:03.200,https://www.bilibili.com/video/BV1zydxBCEsg?t=13880.5,https://www.bilibili.com/video/BV1zydxBCEsg?t=14463.2
202604,上伊那牡丹，酒醉身姿似百合花般,5,,2026-04-26 09：00：00,【泛式∕录播】闭关前，杂谈一会儿,543360,1,01:25:28.100,01:48:09.300,https://www.bilibili.com/video/BV1B4odBhEBY?t=5128.1,https://www.bilibili.com/video/BV1B4odBhEBY?t=6489.3
202604,上伊那牡丹，酒醉身姿似百合花般,6,,2026-05-03 10：19：54,【泛式∕录播】同龄人：看录播。我：看直播。就很...,543360,1,04:05:32.800,04:16:26.900,https://www.bilibili.com/video/BV1ox9dBnER1?t=14732.8,https://www.bilibili.com/video/BV1ox9dBnER1?t=15386.9
202604,上伊那牡丹，酒醉身姿似百合花般,7,,2026-05-03 10：19：54,【泛式∕录播】同龄人：看录播。我：看直播。就很...,543360,1,04:22:31.200,04:27:19.800,https://www.bilibili.com/video/BV1ox9dBnER1?t=15751.2,https://www.bilibili.com/video/BV1ox9dBnER1?t=16039.8
202604,上伊那牡丹，酒醉身姿似百合花般,8,,2026-05-10 09：00：00,【泛式∕录播】千岁百岁十岁直播间,543360,1,03:42:04.700,04:05:17.400,https://www.bilibili.com/video/BV1pnRRBfEua?t=13324.7,https://www.bilibili.com/video/BV1pnRRBfEua?t=14717.4
202604,上伊那牡丹，酒醉身姿似百合花般,9,,2026-05-17 09：00：00,【泛式∕录播】最黏住的直播间,543360,1,03:18:36.300,03:23:53.500,https://www.bilibili.com/video/BV1LLLL6GEhC?t=11916.3,https://www.bilibili.com/video/BV1LLLL6GEhC?t=12233.5
202604,上伊那牡丹，酒醉身姿似百合花般,10,,2026-05-30 09：00：00,【泛式∕录播】2026年4月新番OP∕ED鉴赏会,543360,1,01:31:15.100,01:35:00.900,https://www.bilibili.com/video/BV1jWVu6RERF?t=5475.1,https://www.bilibili.com/video/BV1jWVu6RERF?t=5700.9
202604,上伊那牡丹，酒醉身姿似百合花般,11,,2026-06-29 00：52：43,【泛式∕录播】别当兄弟了,543360,1,01:08:30.400,01:17:06.000,https://www.bilibili.com/video/BV1tUTK6JEKi?t=4110.4,https://www.bilibili.com/video/BV1tUTK6JEKi?t=4626.0
202604,七米神物语,1,,2026-04-12 09：00：00,【泛式∕录播】风味啥是给,282118,1,01:31:10.700,01:35:10.800,https://www.bilibili.com/video/BV1Q9D1B6E6W?t=5470.7,https://www.bilibili.com/video/BV1Q9D1B6E6W?t=5710.8
202604,一叠间漫画咖啡屋生活！,1,,2026-03-24 11：31：13,【泛式∕录播】2026年4月新番茶话会,569161,1,02:40:34.200,02:47:56.500,https://www.bilibili.com/video/BV1YbXwBdEAf?t=9634.2,https://www.bilibili.com/video/BV1YbXwBdEAf?t=10076.5
202604,一叠间漫画咖啡屋生活！,2,,2026-05-10 09：00：00,【泛式∕录播】千岁百岁十岁直播间,569161,1,03:37:37.300,03:42:04.700,https://www.bilibili.com/video/BV1pnRRBfEua?t=13057.3,https://www.bilibili.com/video/BV1pnRRBfEua?t=13324.7
202604,一叠间漫画咖啡屋生活！,3,,2026-05-30 09：00：00,【泛式∕录播】2026年4月新番OP∕ED鉴赏会,569161,1,04:07:35.400,04:10:45.400,https://www.bilibili.com/video/BV1jWVu6RERF?t=14855.4,https://www.bilibili.com/video/BV1jWVu6RERF?t=15045.4
202604,《新世纪福音战士》30周年纪念特别放映,1,,2026-03-08 10：17：40,【泛式∕录播】正相反的羽绒服与我,616383,1,03:40:37.400,03:42:11.100,https://www.bilibili.com/video/BV1y5NTz9Eh1?t=13237.4,https://www.bilibili.com/video/BV1y5NTz9Eh1?t=13331.1
202604,Re：从零开始的异世界生活 第四季 丧失篇,1,,2026-03-24 11：31：13,【泛式∕录播】2026年4月新番茶话会,547888,1,00:25:07.100,00:30:26.100,https://www.bilibili.com/video/BV1YbXwBdEAf?t=1507.1,https://www.bilibili.com/video/BV1YbXwBdEAf?t=1826.1
202604,Re：从零开始的异世界生活 第四季 丧失篇,2,,2026-04-26 09：00：00,【泛式∕录播】闭关前，杂谈一会儿,547888,1,02:38:15.600,03:07:23.000,https://www.bilibili.com/video/BV1B4odBhEBY?t=9495.6,https://www.bilibili.com/video/BV1B4odBhEBY?t=11243.0
202604,Re：从零开始的异世界生活 第四季 丧失篇,3,,2026-05-17 09：00：00,【泛式∕录播】最黏住的直播间,547888,1,01:58:45.300,02:05:41.800,https://www.bilibili.com/video/BV1LLLL6GEhC?t=7125.3,https://www.bilibili.com/video/BV1LLLL6GEhC?t=7541.8
202604,Re：从零开始的异世界生活 第四季 丧失篇,4,,2026-05-30 09：00：00,【泛式∕录播】2026年4月新番OP∕ED鉴赏会,547888,1,01:22:06.000,01:28:10.300,https://www.bilibili.com/video/BV1jWVu6RERF?t=4926.0,https://www.bilibili.com/video/BV1jWVu6RERF?t=5290.3
202604,Re：从零开始的异世界生活 第四季 丧失篇,5,,2026-06-07 09：00：00,【泛式∕录播】真看起来我就会搞错,547888,1,01:57:27.800,02:43:59.700,https://www.bilibili.com/video/BV1jmEn6iEkk?t=7047.8,https://www.bilibili.com/video/BV1jmEn6iEkk?t=9839.7
202604,Re：从零开始的异世界生活 第四季 丧失篇,6,,2026-06-14 09：00：00,【泛式∕录播】但是梅莉真可爱啊,547888,1,02:36:58.100,03:08:36.400,https://www.bilibili.com/video/BV1BfJW6UEKM?t=9418.1,https://www.bilibili.com/video/BV1BfJW6UEKM?t=11316.4
202604,Re：从零开始的异世界生活 第四季 丧失篇,7,,2026-06-21 13：53：11,【泛式∕录播】回忆2016年4月，真拿你没办法~,547888,1,01:23:27.600,01:59:09.000,https://www.bilibili.com/video/BV1gajx6NERw?t=5007.6,https://www.bilibili.com/video/BV1gajx6NERw?t=7149.0
202601,黄金神威 最终章,1,,2026-03-22 09：09：36,【泛式∕录播】直播真简单啊,443106,1,01:40:20.800,01:57:18.900,https://www.bilibili.com/video/BV1EtAKzuEyr?t=6020.8,https://www.bilibili.com/video/BV1EtAKzuEyr?t=7038.9
202601,靠死亡游戏混饭吃。,1,,2026-03-08 10：17：40,【泛式∕录播】正相反的羽绒服与我,510753,1,03:18:16.400,03:19:44.800,https://www.bilibili.com/video/BV1y5NTz9Eh1?t=11896.4,https://www.bilibili.com/video/BV1y5NTz9Eh1?t=11984.8
202601,金牌得主 第二季,1,,2026-03-15 09：00：00,【泛式∕录播】我为看周六杂谈而喜悦,548818,1,01:31:37.300,01:43:18.000,https://www.bilibili.com/video/BV1xgwazXEZj?t=5497.3,https://www.bilibili.com/video/BV1xgwazXEZj?t=6198.0
202601,金牌得主 第二季,2,,2026-03-29 09：00：00,【泛式∕录播】北乔咒，南慕推,548818,1,04:05:10.500,04:05:29.200,https://www.bilibili.com/video/BV1JvX2B8Ezk?t=14710.5,https://www.bilibili.com/video/BV1JvX2B8Ezk?t=14729.2
202601,透明男与人类女～不久成为夫妇的二人～,1,,2026-03-29 09：00：00,【泛式∕录播】北乔咒，南慕推,525946,1,03:08:46.600,03:55:40.000,https://www.bilibili.com/video/BV1JvX2B8Ezk?t=11326.6,https://www.bilibili.com/video/BV1JvX2B8Ezk?t=14140.0
202601,超辉夜姬！,1,,2026-04-26 09：00：00,【泛式∕录播】闭关前，杂谈一会儿,604826,1,03:08:55.300,03:12:04.000,https://www.bilibili.com/video/BV1B4odBhEBY?t=11335.3,https://www.bilibili.com/video/BV1B4odBhEBY?t=11524.0
202601,贵族转生 ～得天眷顾一出生就获得最强力量～,1,,2026-03-08 10：17：40,【泛式∕录播】正相反的羽绒服与我,531724,1,02:26:20.800,02:41:35.600,https://www.bilibili.com/video/BV1y5NTz9Eh1?t=8780.8,https://www.bilibili.com/video/BV1y5NTz9Eh1?t=9695.6
202601,贵族转生 ～得天眷顾一出生就获得最强力量～,2,,2026-04-05 12：15：34,【泛式∕录播】羊尾憲輔嘻嘻,531724,2,01:08:48.400,01:18:38.600,https://www.bilibili.com/video/BV11kDgBwEWj?t=4128.4&p=2,https://www.bilibili.com/video/BV11kDgBwEWj?t=4718.6&p=2
202601,葬送的芙莉莲 第二季,1,,2026-03-15 09：00：00,【泛式∕录播】我为看周六杂谈而喜悦,515759,1,03:26:53.300,03:44:08.000,https://www.bilibili.com/video/BV1xgwazXEZj?t=12413.3,https://www.bilibili.com/video/BV1xgwazXEZj?t=13448.0
202601,葬送的芙莉莲 第二季,2,,2026-03-29 09：00：00,【泛式∕录播】北乔咒，南慕推,515759,1,03:56:43.300,04:05:12.200,https://www.bilibili.com/video/BV1JvX2B8Ezk?t=14203.3,https://www.bilibili.com/video/BV1JvX2B8Ezk?t=14712.2
202601,能帮我弄干净吗？,1,,2026-03-08 10：17：40,【泛式∕录播】正相反的羽绒服与我,562430,1,03:28:27.400,03:32:01.500,https://www.bilibili.com/video/BV1y5NTz9Eh1?t=12507.4,https://www.bilibili.com/video/BV1y5NTz9Eh1?t=12721.5
202601,能帮我弄干净吗？,2,,2026-03-29 09：00：00,【泛式∕录播】北乔咒，南慕推,562430,1,04:05:29.200,04:12:30.000,https://www.bilibili.com/video/BV1JvX2B8Ezk?t=14729.2,https://www.bilibili.com/video/BV1JvX2B8Ezk?t=15150.0
202601,神八小妹不可怕,1,,2026-03-08 10：17：40,【泛式∕录播】正相反的羽绒服与我,522414,1,01:13:30.500,01:25:35.000,https://www.bilibili.com/video/BV1y5NTz9Eh1?t=4410.5,https://www.bilibili.com/video/BV1y5NTz9Eh1?t=5135.0
202601,神八小妹不可怕,2,,2026-03-29 09：00：00,【泛式∕录播】北乔咒，南慕推,522414,1,03:56:06.500,03:56:43.300,https://www.bilibili.com/video/BV1JvX2B8Ezk?t=14166.5,https://www.bilibili.com/video/BV1JvX2B8Ezk?t=14203.3
202601,神八小妹不可怕,3,,2026-04-05 12：15：34,【泛式∕录播】羊尾憲輔嘻嘻,522414,1,01:37:09.400,01:55:06.100,https://www.bilibili.com/video/BV11kDgBwEWj?t=5829.4,https://www.bilibili.com/video/BV11kDgBwEWj?t=6906.1
202601,相反的你和我,1,,2026-03-08 10：17：40,【泛式∕录播】正相反的羽绒服与我,525565,1,02:55:17.500,03:18:16.400,https://www.bilibili.com/video/BV1y5NTz9Eh1?t=10517.5,https://www.bilibili.com/video/BV1y5NTz9Eh1?t=11896.4
202601,相反的你和我,2,,2026-03-15 09：00：00,【泛式∕录播】我为看周六杂谈而喜悦,525565,1,02:37:19.800,03:05:43.000,https://www.bilibili.com/video/BV1xgwazXEZj?t=9439.8,https://www.bilibili.com/video/BV1xgwazXEZj?t=11143.0
202601,相反的你和我,3,,2026-03-22 09：09：36,【泛式∕录播】直播真简单啊,525565,1,02:08:06.900,02:38:00.700,https://www.bilibili.com/video/BV1EtAKzuEyr?t=7686.9,https://www.bilibili.com/video/BV1EtAKzuEyr?t=9480.7
202601,相反的你和我,4,,2026-03-29 09：00：00,【泛式∕录播】北乔咒，南慕推,525565,1,02:30:50.400,02:53:52.700,https://www.bilibili.com/video/BV1JvX2B8Ezk?t=9050.4,https://www.bilibili.com/video/BV1JvX2B8Ezk?t=10432.7
202601,相反的你和我,5,,2026-04-05 12：15：34,【泛式∕录播】羊尾憲輔嘻嘻,525565,2,00:36:09.300,01:00:00.800,https://www.bilibili.com/video/BV11kDgBwEWj?t=2169.3&p=2,https://www.bilibili.com/video/BV11kDgBwEWj?t=3600.8&p=2
202601,现在多闻君是哪一面!？,1,,2026-03-08 10：17：40,【泛式∕录播】正相反的羽绒服与我,498791,1,03:32:19.500,03:38:49.100,https://www.bilibili.com/video/BV1y5NTz9Eh1?t=12739.5,https://www.bilibili.com/video/BV1y5NTz9Eh1?t=13129.1
202601,现在多闻君是哪一面!？,2,,2026-03-15 09：00：00,【泛式∕录播】我为看周六杂谈而喜悦,498791,1,01:43:18.000,01:59:09.400,https://www.bilibili.com/video/BV1xgwazXEZj?t=6198.0,https://www.bilibili.com/video/BV1xgwazXEZj?t=7149.4
202601,现在多闻君是哪一面!？,3,,2026-03-29 09：00：00,【泛式∕录播】北乔咒，南慕推,498791,1,03:03:49.300,03:08:46.600,https://www.bilibili.com/video/BV1JvX2B8Ezk?t=11029.3,https://www.bilibili.com/video/BV1JvX2B8Ezk?t=11326.6
202601,炎炎消防队 叁之章 第2部分,1,,2026-03-15 09：00：00,【泛式∕录播】我为看周六杂谈而喜悦,502876,1,02:26:17.400,02:36:50.000,https://www.bilibili.com/video/BV1xgwazXEZj?t=8777.4,https://www.bilibili.com/video/BV1xgwazXEZj?t=9410.0
202601,炎炎消防队 叁之章 第2部分,2,,2026-04-05 12：15：34,【泛式∕录播】羊尾憲輔嘻嘻,502876,2,00:00:00.600,00:13:38.200,https://www.bilibili.com/video/BV11kDgBwEWj?t=0.6&p=2,https://www.bilibili.com/video/BV11kDgBwEWj?t=818.2&p=2
202601,泛而不精的我被逐出了勇者队伍,1,,2026-03-08 10：17：40,【泛式∕录播】正相反的羽绒服与我,541336,1,02:43:38.200,02:55:03.900,https://www.bilibili.com/video/BV1y5NTz9Eh1?t=9818.2,https://www.bilibili.com/video/BV1y5NTz9Eh1?t=10503.9
202601,死亡账号,1,,2026-03-08 10：17：40,【泛式∕录播】正相反的羽绒服与我,543772,1,03:20:06.900,03:27:25.400,https://www.bilibili.com/video/BV1y5NTz9Eh1?t=12006.9,https://www.bilibili.com/video/BV1y5NTz9Eh1?t=12445.4
202601,死亡账号,2,,2026-03-15 09：00：00,【泛式∕录播】我为看周六杂谈而喜悦,543772,1,03:05:55.600,03:26:49.300,https://www.bilibili.com/video/BV1xgwazXEZj?t=11155.6,https://www.bilibili.com/video/BV1xgwazXEZj?t=12409.3
202601,死亡账号,3,,2026-04-05 12：15：34,【泛式∕录播】羊尾憲輔嘻嘻,543772,2,01:00:33.600,01:06:13.500,https://www.bilibili.com/video/BV11kDgBwEWj?t=3633.6&p=2,https://www.bilibili.com/video/BV11kDgBwEWj?t=3973.5&p=2
202601,扮演姐姐,1,,2026-03-15 09：00：00,【泛式∕录播】我为看周六杂谈而喜悦,621991,1,01:05:58.900,01:09:57.100,https://www.bilibili.com/video/BV1xgwazXEZj?t=3958.9,https://www.bilibili.com/video/BV1xgwazXEZj?t=4197.1
202601,异国日记,1,,2026-04-05 12：15：34,【泛式∕录播】羊尾憲輔嘻嘻,493016,1,01:55:14.500,02:21:15.400,https://www.bilibili.com/video/BV11kDgBwEWj?t=6914.5,https://www.bilibili.com/video/BV11kDgBwEWj?t=8475.4
202601,安逸领主的愉快领地防卫～以生产系魔术将无名小村打造成最强要塞都市～,1,,2026-03-08 10：17：40,【泛式∕录播】正相反的羽绒服与我,554013,1,02:41:33.700,02:43:38.200,https://www.bilibili.com/video/BV1y5NTz9Eh1?t=9693.7,https://www.bilibili.com/video/BV1y5NTz9Eh1?t=9818.2
202601,地狱模式～喜欢挑战特殊成就的玩家在废设定的异世界成为无双～,1,,2026-04-05 12：15：34,【泛式∕录播】羊尾憲輔嘻嘻,526979,2,01:06:13.500,01:08:45.600,https://www.bilibili.com/video/BV11kDgBwEWj?t=3973.5&p=2,https://www.bilibili.com/video/BV11kDgBwEWj?t=4125.6&p=2
202601,地狱乐 第二季,1,,2026-03-08 10：17：40,【泛式∕录播】正相反的羽绒服与我,443446,1,02:07:02.000,02:26:20.800,https://www.bilibili.com/video/BV1y5NTz9Eh1?t=7622.0,https://www.bilibili.com/video/BV1y5NTz9Eh1?t=8780.8
202601,咒术回战 死灭回游 前篇,1,,2026-03-08 10：17：40,【泛式∕录播】正相反的羽绒服与我,472741,1,01:25:35.000,02:00:30.800,https://www.bilibili.com/video/BV1y5NTz9Eh1?t=5135.0,https://www.bilibili.com/video/BV1y5NTz9Eh1?t=7230.8
202601,咒术回战 死灭回游 前篇,2,,2026-03-15 09：00：00,【泛式∕录播】我为看周六杂谈而喜悦,472741,1,01:17:39.700,01:24:40.200,https://www.bilibili.com/video/BV1xgwazXEZj?t=4659.7,https://www.bilibili.com/video/BV1xgwazXEZj?t=5080.2
202601,咒术回战 死灭回游 前篇,3,,2026-03-22 09：09：36,【泛式∕录播】直播真简单啊,472741,1,01:36:28.300,01:38:42.900,https://www.bilibili.com/video/BV1EtAKzuEyr?t=5788.3,https://www.bilibili.com/video/BV1EtAKzuEyr?t=5922.9
202601,咒术回战 死灭回游 前篇,4,,2026-03-29 09：00：00,【泛式∕录播】北乔咒，南慕推,472741,1,01:01:00.300,01:42:38.500,https://www.bilibili.com/video/BV1JvX2B8Ezk?t=3660.3,https://www.bilibili.com/video/BV1JvX2B8Ezk?t=6158.5
202601,和青梅竹马之间不会有恋爱喜剧,1,,2026-03-29 09：00：00,【泛式∕录播】北乔咒，南慕推,549654,1,02:57:39.600,03:03:49.300,https://www.bilibili.com/video/BV1JvX2B8Ezk?t=10659.6,https://www.bilibili.com/video/BV1JvX2B8Ezk?t=11029.3
202601,名侦探光之美少女！,1,,2026-03-15 09：00：00,【泛式∕录播】我为看周六杂谈而喜悦,611077,1,02:10:08.400,02:24:35.000,https://www.bilibili.com/video/BV1xgwazXEZj?t=7808.4,https://www.bilibili.com/video/BV1xgwazXEZj?t=8675.0
202601,名侦探光之美少女！,2,,2026-04-19 09：00：00,【泛式∕录播】我姑且也是一个录播组,611077,1,02:02:05.400,02:13:55.800,https://www.bilibili.com/video/BV1zydxBCEsg?t=7325.4,https://www.bilibili.com/video/BV1zydxBCEsg?t=8035.8
202601,名侦探光之美少女！,3,,2026-08-02 09：00：00,【泛式∕录播】《全缺。》,611077,1,02:59:44.800,03:02:15.300,https://www.bilibili.com/video/BV1Yb3S6dEs9?t=10784.8,https://www.bilibili.com/video/BV1Yb3S6dEs9?t=10935.3
202601,名侦探光之美少女！,4,,2026-09-06 09：00：00,【泛式∕录播】2026年7月新番OP∕ED鉴赏会,611077,1,04:41:55.500,04:43:48.000,https://www.bilibili.com/video/BV166bE6fEsr?t=16915.5,https://www.bilibili.com/video/BV166bE6fEsr?t=17028.0
202601,午夜的倾心旋律,1,,2026-03-08 10：17：40,【泛式∕录播】正相反的羽绒服与我,544109,1,00:47:36.200,01:13:30.500,https://www.bilibili.com/video/BV1y5NTz9Eh1?t=2856.2,https://www.bilibili.com/video/BV1y5NTz9Eh1?t=4410.5
202601,午夜的倾心旋律,2,,2026-03-29 09：00：00,【泛式∕录播】北乔咒，南慕推,544109,1,02:54:59.600,02:57:39.600,https://www.bilibili.com/video/BV1JvX2B8Ezk?t=10499.6,https://www.bilibili.com/video/BV1JvX2B8Ezk?t=10659.6
202601,午夜的倾心旋律,3,,2026-05-03 10：19：54,【泛式∕录播】同龄人：看录播。我：看直播。就很...,544109,1,03:16:17.700,03:19:31.800,https://www.bilibili.com/video/BV1ox9dBnER1?t=11777.7,https://www.bilibili.com/video/BV1ox9dBnER1?t=11971.8
202601,判处勇者刑 惩罚勇者9004队刑务纪录,1,,2026-03-08 10：17：40,【泛式∕录播】正相反的羽绒服与我,445905,1,03:27:29.700,03:28:27.400,https://www.bilibili.com/video/BV1y5NTz9Eh1?t=12449.7,https://www.bilibili.com/video/BV1y5NTz9Eh1?t=12507.4
202601,判处勇者刑 惩罚勇者9004队刑务纪录,2,,2026-04-05 12：15：34,【泛式∕录播】羊尾憲輔嘻嘻,445905,1,01:20:48.900,01:37:09.400,https://www.bilibili.com/video/BV11kDgBwEWj?t=4848.9,https://www.bilibili.com/video/BV11kDgBwEWj?t=5829.4
202601,【我推的孩子】 第三季,1,,2026-03-08 10：17：40,【泛式∕录播】正相反的羽绒服与我,517057,1,00:28:15.900,00:40:32.200,https://www.bilibili.com/video/BV1y5NTz9Eh1?t=1695.9,https://www.bilibili.com/video/BV1y5NTz9Eh1?t=2432.2
202601,【我推的孩子】 第三季,2,,2026-03-15 09：00：00,【泛式∕录播】我为看周六杂谈而喜悦,517057,1,01:25:15.200,01:31:37.300,https://www.bilibili.com/video/BV1xgwazXEZj?t=5115.2,https://www.bilibili.com/video/BV1xgwazXEZj?t=5497.3
202601,【我推的孩子】 第三季,3,,2026-03-22 09：09：36,【泛式∕录播】直播真简单啊,517057,1,01:25:20.900,01:36:18.800,https://www.bilibili.com/video/BV1EtAKzuEyr?t=5120.9,https://www.bilibili.com/video/BV1EtAKzuEyr?t=5778.8
202601,【我推的孩子】 第三季,4,,2026-03-29 09：00：00,【泛式∕录播】北乔咒，南慕推,517057,1,01:42:38.500,02:30:42.400,https://www.bilibili.com/video/BV1JvX2B8Ezk?t=6158.5,https://www.bilibili.com/video/BV1JvX2B8Ezk?t=9042.4
202601,Fate／strange Fake,1,,2026-03-08 10：17：40,【泛式∕录播】正相反的羽绒服与我,443831,1,03:53:52.900,04:29:51.300,https://www.bilibili.com/video/BV1y5NTz9Eh1?t=14032.9,https://www.bilibili.com/video/BV1y5NTz9Eh1?t=16191.3
202601,Fate／strange Fake,2,,2026-03-15 09：00：00,【泛式∕录播】我为看周六杂谈而喜悦,443831,1,03:46:51.600,04:35:30.200,https://www.bilibili.com/video/BV1xgwazXEZj?t=13611.6,https://www.bilibili.com/video/BV1xgwazXEZj?t=16530.2
202601,Fate／strange Fake,3,,2026-03-22 09：09：36,【泛式∕录播】直播真简单啊,443831,1,04:38:22.100,05:01:05.300,https://www.bilibili.com/video/BV1EtAKzuEyr?t=16702.1,https://www.bilibili.com/video/BV1EtAKzuEyr?t=18065.3
202601,Fate／strange Fake,4,,2026-03-29 09：00：00,【泛式∕录播】北乔咒，南慕推,443831,1,04:18:00.300,04:50:11.300,https://www.bilibili.com/video/BV1JvX2B8Ezk?t=15480.3,https://www.bilibili.com/video/BV1JvX2B8Ezk?t=17411.3
202510,弹珠汽水瓶里的千岁同学,1,,2026-03-08 10：17：40,【泛式∕录播】正相反的羽绒服与我,507634,1,00:42:31.200,00:43:02.600,https://www.bilibili.com/video/BV1y5NTz9Eh1?t=2551.2,https://www.bilibili.com/video/BV1y5NTz9Eh1?t=2582.6
202510,弹珠汽水瓶里的千岁同学,2,,2026-03-15 09：00：00,【泛式∕录播】我为看周六杂谈而喜悦,507634,1,00:37:25.700,00:40:19.200,https://www.bilibili.com/video/BV1xgwazXEZj?t=2245.7,https://www.bilibili.com/video/BV1xgwazXEZj?t=2419.2
202510,弹珠汽水瓶里的千岁同学,3,,2026-04-05 12：15：34,【泛式∕录播】羊尾憲輔嘻嘻,507634,1,00:29:15.300,00:44:59.200,https://www.bilibili.com/video/BV11kDgBwEWj?t=1755.3,https://www.bilibili.com/video/BV11kDgBwEWj?t=2699.2
202510,古诺希亚,1,,2026-03-15 09：00：00,【泛式∕录播】我为看周六杂谈而喜悦,526448,1,01:59:22.700,02:09:51.400,https://www.bilibili.com/video/BV1xgwazXEZj?t=7162.7,https://www.bilibili.com/video/BV1xgwazXEZj?t=7791.4
202510,古诺希亚,2,,2026-03-22 09：09：36,【泛式∕录播】直播真简单啊,526448,1,01:57:18.900,02:08:06.900,https://www.bilibili.com/video/BV1EtAKzuEyr?t=7038.9,https://www.bilibili.com/video/BV1EtAKzuEyr?t=7686.9
202510,假面骑士ZZZ,1,,2026-03-15 09：00：00,【泛式∕录播】我为看周六杂谈而喜悦,545304,1,02:24:57.300,02:25:50.600,https://www.bilibili.com/video/BV1xgwazXEZj?t=8697.3,https://www.bilibili.com/video/BV1xgwazXEZj?t=8750.6
202510,假面骑士ZZZ,2,,2026-05-17 09：00：00,【泛式∕录播】最黏住的直播间,545304,1,00:41:10.200,00:51:30.900,https://www.bilibili.com/video/BV1LLLL6GEhC?t=2470.2,https://www.bilibili.com/video/BV1LLLL6GEhC?t=3090.9
202510,假面骑士ZZZ,3,,2026-09-06 09：00：00,【泛式∕录播】2026年7月新番OP∕ED鉴赏会,545304,1,02:20:10.900,02:23:20.000,https://www.bilibili.com/video/BV166bE6fEsr?t=8410.9,https://www.bilibili.com/video/BV166bE6fEsr?t=8600.0
202507,租借女友 第四季,1,,2026-03-15 09：00：00,【泛式∕录播】我为看周六杂谈而喜悦,503450,1,00:54:55.500,00:56:19.500,https://www.bilibili.com/video/BV1xgwazXEZj?t=3295.5,https://www.bilibili.com/video/BV1xgwazXEZj?t=3379.5
202507,玩玩的恋爱关系,1,,2026-03-15 09：00：00,【泛式∕录播】我为看周六杂谈而喜悦,573423,1,00:57:48.500,00:58:38.000,https://www.bilibili.com/video/BV1xgwazXEZj?t=3468.5,https://www.bilibili.com/video/BV1xgwazXEZj?t=3518.0
202507,玩玩的恋爱关系,2,,2026-03-22 09：09：36,【泛式∕录播】直播真简单啊,573423,1,00:45:03.000,00:52:31.700,https://www.bilibili.com/video/BV1EtAKzuEyr?t=2703.0,https://www.bilibili.com/video/BV1EtAKzuEyr?t=3151.7
202507,玩玩的恋爱关系,3,,2026-06-07 09：00：00,【泛式∕录播】真看起来我就会搞错,573423,1,00:59:24.800,01:04:37.700,https://www.bilibili.com/video/BV1jmEn6iEkk?t=3564.8,https://www.bilibili.com/video/BV1jmEn6iEkk?t=3877.7
202507,玩玩的恋爱关系,4,,2026-08-23 09：00：00,【泛式∕录播】认真看我妈的童年,573423,1,00:53:45.300,00:54:43.400,https://www.bilibili.com/video/BV14p8p6DEKC?t=3225.3,https://www.bilibili.com/video/BV14p8p6DEKC?t=3283.4
202504,超能立方 超凡篇,1,,2026-03-08 10：17：40,【泛式∕录播】正相反的羽绒服与我,434811,1,02:00:31.100,02:06:29.800,https://www.bilibili.com/video/BV1y5NTz9Eh1?t=7231.1,https://www.bilibili.com/video/BV1y5NTz9Eh1?t=7589.8
202407,蓦然回首,1,,2026-03-29 09：00：00,【泛式∕录播】北乔咒，南慕推,480441,1,00:31:28.300,00:32:59.700,https://www.bilibili.com/video/BV1JvX2B8Ezk?t=1888.3,https://www.bilibili.com/video/BV1JvX2B8Ezk?t=1979.7
202407,蓦然回首,2,遮挡,2026-03-30 09：00：00,【泛式∕录播】描绘直到生命尽头,480441,1,00:01:46.100,01:11:21.000,https://www.bilibili.com/video/BV1pEXQB2E3D?t=106.1,https://www.bilibili.com/video/BV1pEXQB2E3D?t=4281.0
202304,宝可梦 地平线,1,,2026-05-30 09：00：00,【泛式∕录播】2026年4月新番OP∕ED鉴赏会,411247,1,04:21:15.500,04:23:05.400,https://www.bilibili.com/video/BV1jWVu6RERF?t=15675.5,https://www.bilibili.com/video/BV1jWVu6RERF?t=15785.4
202304,13岁女演员的情书,1,,2026-03-08 10：17：40,【泛式∕录播】正相反的羽绒服与我,405577,1,00:43:02.600,00:44:21.900,https://www.bilibili.com/video/BV1y5NTz9Eh1?t=2582.6,https://www.bilibili.com/video/BV1y5NTz9Eh1?t=2661.9
202301,我们在「解读」上犯了错误,1,,2026-03-15 09：00：00,【泛式∕录播】我为看周六杂谈而喜悦,410317,1,00:40:19.200,00:52:15.800,https://www.bilibili.com/video/BV1xgwazXEZj?t=2419.2,https://www.bilibili.com/video/BV1xgwazXEZj?t=3135.8
202301,我们在「解读」上犯了错误,2,,2026-03-29 09：00：00,【泛式∕录播】北乔咒，南慕推,410317,1,00:19:45.900,00:30:31.200,https://www.bilibili.com/video/BV1JvX2B8Ezk?t=1185.9,https://www.bilibili.com/video/BV1JvX2B8Ezk?t=1831.2
202301,我们在「解读」上犯了错误,3,,2026-04-26 09：00：00,【泛式∕录播】闭关前，杂谈一会儿,410317,1,00:32:35.900,00:34:56.000,https://www.bilibili.com/video/BV1B4odBhEBY?t=1955.9,https://www.bilibili.com/video/BV1B4odBhEBY?t=2096.0
202301,我们在「解读」上犯了错误,4,,2026-06-07 09：00：00,【泛式∕录播】真看起来我就会搞错,410317,1,01:04:50.000,01:05:49.100,https://www.bilibili.com/video/BV1jmEn6iEkk?t=3890.0,https://www.bilibili.com/video/BV1jmEn6iEkk?t=3949.1
202110,我当备胎女友也没关系。,1,,2026-05-17 09：00：00,【泛式∕录播】最黏住的直播间,350855,1,00:51:30.900,01:08:13.500,https://www.bilibili.com/video/BV1LLLL6GEhC?t=3090.9,https://www.bilibili.com/video/BV1LLLL6GEhC?t=4093.5
202104,纯爱咖啡厅～帕露菲重制版～,1,,2026-03-08 10：17：40,【泛式∕录播】正相反的羽绒服与我,323156,1,00:46:44.500,00:47:30.800,https://www.bilibili.com/video/BV1y5NTz9Eh1?t=2804.5,https://www.bilibili.com/video/BV1y5NTz9Eh1?t=2850.8
202104,纯爱咖啡厅～帕露菲重制版～,2,,2026-03-15 09：00：00,【泛式∕录播】我为看周六杂谈而喜悦,323156,1,01:11:07.800,01:12:07.800,https://www.bilibili.com/video/BV1xgwazXEZj?t=4267.8,https://www.bilibili.com/video/BV1xgwazXEZj?t=4327.8
202104,纯爱咖啡厅～帕露菲重制版～,3,,2026-05-24 09：00：00,【泛式∕录播】写作动画读作GAL的杂谈回,323156,1,00:34:22.400,01:06:51.900,https://www.bilibili.com/video/BV1nsGz6kEwo?t=2062.4,https://www.bilibili.com/video/BV1nsGz6kEwo?t=4011.9
201604,飞翔的魔女,1,,2026-06-21 13：53：11,【泛式∕录播】回忆2016年4月，真拿你没办法~,141799,1,04:14:48.800,04:17:52.200,https://www.bilibili.com/video/BV1gajx6NERw?t=15288.8,https://www.bilibili.com/video/BV1gajx6NERw?t=15472.2
201604,迷家,1,遮挡,2026-05-19 09：00：00,【泛式∕录播】你心里很危险的东西,163046,1,00:02:31.500,04:57:17.500,https://www.bilibili.com/video/BV1QyLN6rE5A?t=151.5,https://www.bilibili.com/video/BV1QyLN6rE5A?t=17837.5
201604,迷家,2,,2026-06-21 13：53：11,【泛式∕录播】回忆2016年4月，真拿你没办法~,163046,1,03:31:44.300,03:32:26.700,https://www.bilibili.com/video/BV1gajx6NERw?t=12704.3,https://www.bilibili.com/video/BV1gajx6NERw?t=12746.7
201604,超时空要塞Δ,1,,2026-06-21 13：53：11,【泛式∕录播】回忆2016年4月，真拿你没办法~,100858,1,03:37:38.500,03:44:46.200,https://www.bilibili.com/video/BV1gajx6NERw?t=13058.5,https://www.bilibili.com/video/BV1gajx6NERw?t=13486.2
201604,至高指令,1,,2026-06-21 13：53：11,【泛式∕录播】回忆2016年4月，真拿你没办法~,149959,1,03:33:34.600,03:37:38.500,https://www.bilibili.com/video/BV1gajx6NERw?t=12814.6,https://www.bilibili.com/video/BV1gajx6NERw?t=13058.5
201604,羁绊者,1,,2026-06-21 13：53：11,【泛式∕录播】回忆2016年4月，真拿你没办法~,148281,1,04:10:53.300,04:12:11.800,https://www.bilibili.com/video/BV1gajx6NERw?t=15053.3,https://www.bilibili.com/video/BV1gajx6NERw?t=15131.8
201604,线上游戏的老婆不可能是女生？,1,,2026-06-21 13：53：11,【泛式∕录播】回忆2016年4月，真拿你没办法~,142758,1,04:12:11.800,04:14:48.800,https://www.bilibili.com/video/BV1gajx6NERw?t=15131.8,https://www.bilibili.com/video/BV1gajx6NERw?t=15288.8
201604,百武装战记,1,,2026-06-21 13：53：11,【泛式∕录播】回忆2016年4月，真拿你没办法~,133403,1,03:32:26.700,03:33:34.600,https://www.bilibili.com/video/BV1gajx6NERw?t=12746.7,https://www.bilibili.com/video/BV1gajx6NERw?t=12814.6
201604,甲铁城的卡巴内利,1,,2026-06-21 13：53：11,【泛式∕录播】回忆2016年4月，真拿你没办法~,118781,1,03:16:06.100,03:31:44.300,https://www.bilibili.com/video/BV1gajx6NERw?t=11766.1,https://www.bilibili.com/video/BV1gajx6NERw?t=12704.3
201604,熊巫女,1,遮挡,2026-06-21 13：53：11,【泛式∕录播】回忆2016年4月，真拿你没办法~,148361,1,03:44:46.200,04:09:08.600,https://www.bilibili.com/video/BV1gajx6NERw?t=13486.2,https://www.bilibili.com/video/BV1gajx6NERw?t=14948.6
201604,文豪野犬,1,,2026-06-21 13：53：11,【泛式∕录播】回忆2016年4月，真拿你没办法~,144357,1,04:09:08.600,04:10:53.300,https://www.bilibili.com/video/BV1gajx6NERw?t=14948.6,https://www.bilibili.com/video/BV1gajx6NERw?t=15053.3
201604,宇宙巡警露露子,1,,2026-06-21 13：53：11,【泛式∕录播】回忆2016年4月，真拿你没办法~,168204,1,04:17:52.200,04:18:18.300,https://www.bilibili.com/video/BV1gajx6NERw?t=15472.2,https://www.bilibili.com/video/BV1gajx6NERw?t=15498.3
201604,在下坂本，有何贵干？,1,遮挡,2026-06-21 13：53：11,【泛式∕录播】回忆2016年4月，真拿你没办法~,165829,1,02:37:00.000,03:16:06.100,https://www.bilibili.com/video/BV1gajx6NERw?t=9420.0,https://www.bilibili.com/video/BV1gajx6NERw?t=11766.1
201604,双星之阴阳师,1,,2026-06-21 13：53：11,【泛式∕录播】回忆2016年4月，真拿你没办法~,155778,1,04:18:18.300,04:19:08.700,https://www.bilibili.com/video/BV1gajx6NERw?t=15498.3,https://www.bilibili.com/video/BV1gajx6NERw?t=15548.7
201604,三者三叶,1,,2026-06-21 13：53：11,【泛式∕录播】回忆2016年4月，真拿你没办法~,145908,1,04:19:08.700,04:20:00.200,https://www.bilibili.com/video/BV1gajx6NERw?t=15548.7,https://www.bilibili.com/video/BV1gajx6NERw?t=15600.2
201604,Re：从零开始的异世界生活,1,,2026-06-21 13：53：11,【泛式∕录播】回忆2016年4月，真拿你没办法~,140001,1,04:20:00.200,04:41:48.600,https://www.bilibili.com/video/BV1gajx6NERw?t=15600.2,https://www.bilibili.com/video/BV1gajx6NERw?t=16908.6
201601,粗点心战争,1,,2026-03-22 09：09：36,【泛式∕录播】直播真简单啊,146994,1,03:24:00.900,03:33:52.200,https://www.bilibili.com/video/BV1EtAKzuEyr?t=12240.9,https://www.bilibili.com/video/BV1EtAKzuEyr?t=12832.2
201601,灰与幻想的格林姆迦尔,1,,2026-03-22 09：09：36,【泛式∕录播】直播真简单啊,148726,1,04:20:16.100,04:35:22.500,https://www.bilibili.com/video/BV1EtAKzuEyr?t=15616.1,https://www.bilibili.com/video/BV1EtAKzuEyr?t=16522.5
201601,最弱无败神装机龙,1,,2026-03-22 09：09：36,【泛式∕录播】直播真简单啊,133387,1,03:33:52.200,03:37:49.200,https://www.bilibili.com/video/BV1EtAKzuEyr?t=12832.2,https://www.bilibili.com/video/BV1EtAKzuEyr?t=13069.2
201601,昭和元禄落语心中,1,,2026-03-22 09：09：36,【泛式∕录播】直播真简单啊,119394,1,03:52:19.500,03:56:06.700,https://www.bilibili.com/video/BV1EtAKzuEyr?t=13939.5,https://www.bilibili.com/video/BV1EtAKzuEyr?t=14166.7
201601,无彩限的怪灵世界,1,,2026-03-22 09：09：36,【泛式∕录播】直播真简单啊,94040,1,03:05:35.500,03:24:00.900,https://www.bilibili.com/video/BV1EtAKzuEyr?t=11135.5,https://www.bilibili.com/video/BV1EtAKzuEyr?t=12240.9
201601,无头骑士异闻录×2 结,1,,2026-03-22 09：09：36,【泛式∕录播】直播真简单啊,114968,1,03:37:49.200,03:52:19.500,https://www.bilibili.com/video/BV1EtAKzuEyr?t=13069.2,https://www.bilibili.com/video/BV1EtAKzuEyr?t=13939.5
201601,只有我不存在的城市,1,,2026-03-22 09：09：36,【泛式∕录播】直播真简单啊,137722,1,04:01:49.300,04:20:04.200,https://www.bilibili.com/video/BV1EtAKzuEyr?t=14509.3,https://www.bilibili.com/video/BV1EtAKzuEyr?t=15604.2
201601,亚人,1,,2026-03-22 09：09：36,【泛式∕录播】直播真简单啊,146093,1,03:56:06.700,04:01:49.300,https://www.bilibili.com/video/BV1EtAKzuEyr?t=14166.7,https://www.bilibili.com/video/BV1EtAKzuEyr?t=14509.3
201307,齐木楠雄的灾难,1,遮挡,2026-08-20 09：00：00,【泛式∕录播】燃来（合集）,80932,1,00:02:33.800,03:59:37.000,https://www.bilibili.com/video/BV19t8H6bEx5?t=153.8,https://www.bilibili.com/video/BV19t8H6bEx5?t=14377.0
201307,齐木楠雄的灾难,2,遮挡,2026-08-20 09：00：00,【泛式∕录播】燃来（合集）,80932,2,00:02:26.300,04:20:45.100,https://www.bilibili.com/video/BV19t8H6bEx5?t=146.3&p=2,https://www.bilibili.com/video/BV19t8H6bEx5?t=15645.1&p=2
201307,齐木楠雄的灾难,3,遮挡,2026-08-20 09：00：00,【泛式∕录播】燃来（合集）,80932,3,00:01:21.100,04:18:51.200,https://www.bilibili.com/video/BV19t8H6bEx5?t=81.1&p=3,https://www.bilibili.com/video/BV19t8H6bEx5?t=15531.2&p=3
201307,齐木楠雄的灾难,4,遮挡,2026-08-20 09：00：00,【泛式∕录播】燃来（合集）,80932,4,00:04:21.200,04:06:12.400,https://www.bilibili.com/video/BV19t8H6bEx5?t=261.2&p=4,https://www.bilibili.com/video/BV19t8H6bEx5?t=14772.4&p=4
201307,齐木楠雄的灾难,5,遮挡,2026-08-20 09：00：00,【泛式∕录播】燃来（合集）,80932,5,00:03:16.800,04:16:41.400,https://www.bilibili.com/video/BV19t8H6bEx5?t=196.8&p=5,https://www.bilibili.com/video/BV19t8H6bEx5?t=15401.4&p=5
200804,噬魂师,1,,2026-04-05 12：15：34,【泛式∕录播】羊尾憲輔嘻嘻,866,2,00:13:38.200,00:36:09.300,https://www.bilibili.com/video/BV11kDgBwEWj?t=818.2&p=2,https://www.bilibili.com/video/BV11kDgBwEWj?t=2169.3&p=2
200404,交响乐之雨,1,,2026-07-12 20：48：28,【泛式∕录播】令人畏惧的26年7月新番,1143,1,00:10:24.800,00:27:18.800,https://www.bilibili.com/video/BV1rLNG6JE9G?t=624.8,https://www.bilibili.com/video/BV1rLNG6JE9G?t=1638.8
199910,航海王,1,,2026-05-30 09：00：00,【泛式∕录播】2026年4月新番OP∕ED鉴赏会,975,1,04:16:00.400,04:21:15.500,https://www.bilibili.com/video/BV1jWVu6RERF?t=15360.4,https://www.bilibili.com/video/BV1jWVu6RERF?t=15675.5
